State,District,Name,sureDoubtfulNegativeMaskSum,unsureDoubtfulMaskSum,slopePositive,slopeNegative,stderrSum,stderrMedian,stderrMean,confidentForPositive
23,439,Indore,0,0,5,0,0.6109135225,0.09926023653,0.1018189204,1
12,257,Dibang Valley,4,0,0,4,0.5094356675,0.09780654851,0.08490594458,1
8,109,Dausa,1,1,2,2,0.4512992721,0.09532414633,0.07521654534,1
9,172,Fatehpur,3,2,0,5,0.7475322449,0.09532414633,0.1245887075,1
9,196,Chandauli,1,2,1,3,0.5674968978,0.09532414633,0.0945828163,1
13,262,Mokokchung,0,2,2,2,0.6712690967,0.09532414633,0.1118781828,1
19,328,Jalpaiguri,2,1,1,2,0.4936186243,0.09532414633,0.08226977072,1
19,335,Barddhaman,0,1,5,0,0.5090718983,0.09532414633,0.08484531639,1
19,344,Paschim Medinipur,1,1,5,1,0.606860864,0.09532414633,0.1011434773,1
24,491,Valsad,1,2,2,2,0.6069876582,0.09532414633,0.1011646097,1
13,269,Kiphire,3,1,0,4,0.6243869336,0.09469155332,0.1040644889,1
15,285,Serchhip,1,2,2,2,0.7294763211,0.09469155332,0.1215793868,1
21,381,Cuttack,3,0,1,3,0.5397913165,0.09469155332,0.08996521941,1
1,7,Kathua,0,3,2,1,0.7071035504,0.09404008409,0.1178505917,1
21,388,Ganjam,4,1,0,5,0.4786145679,0.09381335782,0.07976909464,1
14,274,Churachandpur,2,1,1,3,0.5624245045,0.09277073855,0.09373741741,1
6,85,Rewari,2,0,3,2,0.5203799275,0.09140908472,0.08672998792,1
18,304,Morigaon,1,1,3,1,0.5938676968,0.09140908472,0.09897794946,1
19,339,Bankura,0,1,4,0,0.434073521,0.09140908472,0.07234558684,1
20,346,Garhwa,1,1,2,2,0.4838368481,0.09140908472,0.08063947468,1
20,347,Chatra,2,1,1,3,0.5657561606,0.09140908472,0.09429269343,1
20,359,Latehar,1,1,2,2,0.4994970945,0.09140908472,0.08324951576,1
20,360,Hazaribagh,1,2,4,1,0.6309331182,0.09140908472,0.1051555197,1
21,373,Debagarh,2,2,0,4,0.5998366541,0.09140908472,0.09997277568,1
21,389,Gajapati,2,2,0,3,0.6909597762,0.09140908472,0.1151599627,1
22,416,Dakshin Bastar Dantewada,3,1,0,4,0.5143740148,0.09140908472,0.08572900246,1
33,623,Madurai,1,2,3,1,0.6694476731,0.09140908472,0.1115746122,1
28,542,Srikakulam,2,1,1,3,0.4209043403,0.08885567694,0.07015072338,1
12,249,Upper Subansiri,4,0,0,4,0.4532006646,0.08641470009,0.0755334441,1
33,625,Virudhunagar,2,1,2,2,0.5432155669,0.08641470009,0.09053592782,1
15,281,Mamit,3,1,0,4,0.6410507071,0.08516249039,0.1068417845,1
33,617,Cuddalore,1,2,2,1,0.7050053696,0.08329931278,0.1175008949,1
33,620,Thanjavur,1,2,1,2,0.6280168591,0.08247860988,0.1046694765,1
6,81,Bhiwani,1,0,3,1,0.4486566035,0.08247860988,0.07477610058,1
8,99,Ganganagar,1,0,3,1,0.4456667952,0.08247860988,0.0742777992,1
8,115,Barmer,3,1,0,4,0.5418058249,0.08247860988,0.09030097081,1
8,118,Pali,2,0,2,2,0.4302539991,0.08247860988,0.07170899985,1
8,124,Dungarpur,4,0,0,4,0.4399513658,0.08247860988,0.07332522764,1
8,127,Kota,1,0,3,1,0.469885282,0.08247860988,0.07831421366,1
8,130,Udaipur,3,0,1,3,0.3824591333,0.08247860988,0.06374318888,1
17,295,South Garo Hills,3,1,0,4,0.5870868691,0.08247860988,0.09784781152,1
17,298,East Khasi Hills,0,1,3,1,0.5273775145,0.08247860988,0.08789625242,1
18,306,Sonitpur,3,0,1,3,0.3722012761,0.08247860988,0.06203354601,1
18,309,Tinsukia,1,1,2,2,0.5022927962,0.08247860988,0.08371546603,1
22,404,Korba,3,1,0,3,0.3854489415,0.08247860988,0.06424149025,1
22,405,Janjgir - Champa,2,1,2,2,0.5322349644,0.08247860988,0.08870582741,1
22,411,Mahasamund,2,1,1,3,0.5281250591,0.08247860988,0.08802084318,1
23,421,Gwalior,0,0,4,0,0.469885282,0.08247860988,0.07831421366,1
23,430,Rewa,1,0,3,1,0.3656363389,0.08247860988,0.06093938981,1
23,442,Rajgarh,3,0,1,3,0.4109830511,0.08247860988,0.06849717519,1
23,443,Vidisha,4,0,0,4,0.3730635054,0.08247860988,0.06217725091,1
23,446,Raisen,3,0,0,3,0.4033098912,0.08247860988,0.0672183152,1
23,464,Jhabua,3,1,0,4,0.4481149488,0.08247860988,0.07468582479,1
24,476,Rajkot,0,0,4,0,0.4544544094,0.08247860988,0.07574240156,1
24,489,The Dangs,5,0,0,5,0.5773502692,0.08247860988,0.09622504486,1
27,510,Yavatmal,4,0,0,4,0.4123930494,0.08247860988,0.0687321749,1
27,517,Thane,0,0,4,0,0.4948716593,0.08247860988,0.08247860988,1
27,520,Raigarh,0,0,4,0,0.4123930494,0.08247860988,0.0687321749,1
29,563,Uttara Kannada,0,1,2,1,0.5585209576,0.08247860988,0.09308682627,1
33,614,Tiruchirappalli,0,0,3,0,0.4679275514,0.08247860988,0.07798792523,1
33,633,Tiruppur,0,1,4,0,0.5620298225,0.08247860988,0.09367163709,1
1,20,Reasi,2,2,1,3,0.6229100436,0.07992520211,0.1038183406,1
3,50,Tarn Taran,3,1,0,4,0.5254867431,0.07992520211,0.08758112385,1
8,107,Karauli,2,1,2,3,0.4910781531,0.07992520211,0.08184635886,1
23,465,Alirajpur,3,0,1,3,0.3732597482,0.07992520211,0.06220995804,1
27,529,Sindhudurg,2,0,2,2,0.4072862339,0.07992520211,0.06788103898,1
13,263,Zunheboto,2,1,0,3,0.5897474156,0.07737179433,0.09829123594,1
13,271,Peren,2,1,0,3,0.5897474156,0.07737179433,0.09829123594,1
6,84,Mahendragarh,2,0,2,2,0.3375617581,0.07737179433,0.05626029302,1
6,86,Gurgaon,0,1,4,0,0.5235469853,0.07623201555,0.08725783089,1
10,233,Kaimur (Bhabua),2,1,1,3,0.3896862297,0.07623201555,0.06494770494,1
16,291,Dhalai,0,3,0,3,0.6377379346,0.07284313591,0.1062896558,1
23,463,Singrauli,1,2,0,3,0.54704451,0.07284313591,0.091174085,1
12,252,Upper Siang,4,0,0,4,0.4494580198,0.06998542122,0.07490966996,1
1,10,Srinagar,1,2,1,2,0.6800640569,0.06998542122,0.1133440095,1
8,129,Jhalawar,0,1,1,0,0.4217124956,0.06900655593,0.07028541593,1
8,131,Pratapgarh,0,1,1,1,0.4786630734,0.06900655593,0.0797771789,1
10,232,Buxar,0,2,1,1,0.6147184547,0.06900655593,0.1024530758,1
12,245,Tawang,1,0,0,1,0.4767053428,0.06900655593,0.07945089047,1
18,326,Udalguri,0,1,0,1,0.4923655893,0.06900655593,0.08206093155,1
20,369,Saraikela-Kharsawan,0,2,1,2,0.5560258405,0.06900655593,0.09267097342,1
24,473,Gandhinagar,0,1,2,0,0.5943428753,0.06900655593,0.09905714588,1
18,302,Goalpara,1,1,2,1,0.4913335116,0.0675116518,0.0818889186,1
18,303,Barpeta,1,1,2,1,0.497048941,0.0675116518,0.08284149016,1
23,458,Guna,0,1,2,1,0.4100174497,0.0675116518,0.06833624161,1
32,593,Palakkad,0,1,2,0,0.5490626392,0.0675116518,0.09151043987,1
3,39,Shahid Bhagat Singh Nagar,1,1,1,2,0.5255972332,0.0638876565,0.08759953887,1
9,149,Budaun,1,1,1,2,0.4791379822,0.0638876565,0.07985633036,1
1,11,Ganderbal,2,1,0,3,0.49671063,0.0628138379,0.082785105,1
9,168,Hamirpur,2,1,0,3,0.511906331,0.0628138379,0.08531772183,1
9,192,Mau,0,2,1,2,0.6698748489,0.0628138379,0.1116458082,1
9,202,Kanshiram Nagar,0,2,3,0,0.6248038903,0.0628138379,0.1041339817,1
18,315,Dima Hasao,0,3,0,3,0.5401157884,0.0628138379,0.09001929807,1
22,415,Narayanpur,1,1,0,2,0.5165154171,0.0628138379,0.08608590286,1
23,461,Anuppur,0,2,1,2,0.4762017981,0.0628138379,0.07936696635,1
30,586,South Goa,0,2,3,0,0.6815955844,0.0628138379,0.1135992641,1
32,600,Kollam,2,1,0,3,0.526985914,0.0628138379,0.08783098567,1
33,605,Vellore,0,0,3,0,0.4362711674,0.0628138379,0.07271186123,1
9,136,Rampur,2,1,0,3,0.474444467,0.06226998491,0.07907407784,1
8,116,Jalor,1,2,0,2,0.4974381462,0.05408484139,0.08290635771,1
9,156,Unnao,2,1,0,3,0.4380841223,0.05408484139,0.07301402039,1
10,208,Supaul,1,2,2,1,0.4701953201,0.05408484139,0.07836588669,1
21,397,Nabarangapur,2,1,0,3,0.4009022155,0.05408484139,0.06681703592,1
22,409,Durg,1,1,1,2,0.3688206622,0.05408484139,0.06147011036,1
23,426,Panna,1,1,1,2,0.3688206622,0.05408484139,0.06147011036,1
23,449,Hoshangabad,0,0,3,0,0.3831638288,0.05408484139,0.06386063814,1
24,481,Bhavnagar,0,0,3,0,0.3812965853,0.05408484139,0.06354943089,1
24,488,Bharuch,0,1,3,0,0.5243822541,0.05408484139,0.08739704236,1
27,502,Washim,2,0,1,2,0.3812965853,0.05408484139,0.06354943089,1
32,594,Thrissur,1,0,2,1,0.4081502062,0.05408484139,0.06802503436,1
33,624,Theni,1,2,0,3,0.615881592,0.05408484139,0.102646932,1
14,280,Chandel,1,2,1,2,0.5239047162,0.05345224838,0.0873174527,1
1,4,Kargil,1,1,2,1,0.5068650369,0.05016977978,0.08447750616,1
1,8,Baramula,1,2,1,2,0.5538933081,0.05016977978,0.09231555135,1
1,9,Bandipore,1,2,1,2,0.6716537881,0.05016977978,0.111942298,1
2,26,Kullu,3,0,0,3,0.4013582382,0.05016977978,0.0668930397,1
5,57,Chamoli,0,0,3,0,0.4140474035,0.05016977978,0.06900790059,1
5,58,Rudraprayag,0,1,2,1,0.4535537486,0.05016977978,0.07559229143,1
5,64,Almora,1,1,1,2,0.4585128539,0.05016977978,0.07641880898,1
6,87,Mewat,1,1,1,2,0.3839585112,0.05016977978,0.06399308519,1
8,112,Nagaur,0,2,1,2,0.4772225869,0.05016977978,0.07953709782,1
8,113,Jodhpur,0,2,1,2,0.4915657536,0.05016977978,0.0819276256,1
9,148,Mainpuri,1,1,2,1,0.5220520551,0.05016977978,0.08700867585,1
9,155,Hardoi,0,1,2,1,0.3734664621,0.05016977978,0.06224441035,1
9,159,Farrukhabad,1,2,1,2,0.5330182907,0.05016977978,0.08883638178,1
9,160,Kannauj,2,1,0,3,0.4517022287,0.05016977978,0.07528370479,1
9,161,Etawah,1,2,1,1,0.5714320793,0.05016977978,0.09523867988,1
9,165,Jalaun,1,1,1,2,0.4707257263,0.05016977978,0.07845428772,1
9,167,Lalitpur,0,1,2,1,0.4566497676,0.05016977978,0.07610829459,1
9,176,Bara Banki,2,0,0,2,0.4033098912,0.05016977978,0.0672183152,1
9,194,Jaunpur,1,1,2,1,0.4170184847,0.05016977978,0.06950308078,1
10,204,Purba Champaran,1,0,1,1,0.338692231,0.05016977978,0.05644870516,1
10,218,Siwan,0,2,3,0,0.5016977978,0.05016977978,0.08361629963,1
15,286,Lunglei,0,2,1,2,0.4785558495,0.05016977978,0.07975930826,1
19,329,Koch Bihar,2,0,1,2,0.3763657833,0.05016977978,0.06272763055,1
20,362,Dumka,1,1,1,2,0.3734664621,0.05016977978,0.06224441035,1
20,366,Gumla,0,2,3,0,0.5016977978,0.05016977978,0.08361629963,1
21,392,Subarnapur,1,1,1,2,0.4772225869,0.05016977978,0.07953709782,1
22,402,Jashpur,0,2,3,0,0.4600976604,0.05016977978,0.07668294341,1
23,431,Umaria,1,1,0,2,0.3639803472,0.05016977978,0.0606633912,1
23,460,Shahdol,0,2,2,1,0.3887592873,0.05016977978,0.06479321455,1
23,462,Sidhi,0,1,3,0,0.3672777447,0.05016977978,0.06121295744,1
27,505,Nagpur,0,0,3,0,0.4302539991,0.05016977978,0.07170899985,1
29,568,Shimoga,1,1,2,1,0.4365705152,0.05016977978,0.07276175254,1
29,581,Kolar,3,0,0,3,0.3751078679,0.05016977978,0.06251797798,1
32,590,Wayanad,1,1,1,2,0.413593951,0.04364357805,0.06893232516,1
1,15,Kulgam,2,1,0,3,0.4481149488,0.04123930494,0.07468582479,1
1,18,Kishtwar,1,2,0,3,0.5532043362,0.04123930494,0.0922007227,1
2,24,Kangra,0,0,3,0,0.2731269025,0.04123930494,0.04552115042,1
2,32,Sirmaur,0,2,3,0,0.5360790483,0.04123930494,0.08934650805,1
2,33,Shimla,0,0,3,0,0.3824591333,0.04123930494,0.06374318888,1
3,44,Muktsar,0,1,2,0,0.4588443932,0.04123930494,0.07647406553,1
5,65,Champawat,1,2,0,3,0.6423619797,0.04123930494,0.1070603299,1
8,108,Sawai Madhopur,1,1,1,1,0.3029703316,0.04123930494,0.05049505527,1
8,110,Jaipur,0,0,3,0,0.4123930494,0.04123930494,0.0687321749,1
8,125,Banswara,2,1,0,3,0.4175019135,0.04123930494,0.06958365225,1
9,150,Bareilly,1,0,2,1,0.3227890119,0.04123930494,0.05379816865,1
9,152,Shahjahanpur,1,2,0,3,0.4580391095,0.04123930494,0.07633985159,1
9,162,Auraiya,2,1,0,3,0.3477753892,0.04123930494,0.05796256487,1
9,170,Banda,0,1,2,1,0.4022794765,0.04123930494,0.06704657942,1
10,203,Pashchim Champaran,1,1,1,2,0.4059681602,0.04123930494,0.06766136003,1
11,242,West District,3,0,0,3,0.3197008084,0.04123930494,0.05328346807,1
14,275,Bishnupur,2,1,0,3,0.4612448232,0.04123930494,0.0768741372,1
15,283,Aizawl,0,2,1,2,0.4781528929,0.04123930494,0.07969214882,1
16,292,North Tripura,3,0,0,3,0.3375617581,0.04123930494,0.05626029302,1
18,320,Chirang,1,2,0,3,0.4969667225,0.04123930494,0.08282778709,1
20,351,Godda,1,1,1,2,0.4059681602,0.04123930494,0.06766136003,1
20,352,Sahibganj,1,1,1,2,0.4606948999,0.04123930494,0.07678248331,1
20,364,Ranchi,1,1,2,1,0.3708983376,0.04123930494,0.0618163896,1
21,375,Kendujhar,2,1,0,3,0.3765456383,0.04123930494,0.06275760639,1
21,383,Dhenkanal,2,1,1,2,0.3671852675,0.04123930494,0.06119754458,1
21,384,Anugul,2,1,0,3,0.3097366084,0.04123930494,0.05162276807,1
21,394,Nuapada,1,2,0,2,0.580638185,0.04123930494,0.09677303083,1
22,401,Surguja,2,1,0,3,0.3738511535,0.04123930494,0.06230852559,1
22,406,Bilaspur,2,1,0,2,0.3029703316,0.04123930494,0.05049505527,1
22,410,Raipur,2,0,1,2,0.2652967793,0.04123930494,0.04421612989,1
22,412,Dhamtari,2,1,1,2,0.2652967793,0.04123930494,0.04421612989,1
22,413,Uttar Bastar Kanker,2,1,0,3,0.3049280622,0.04123930494,0.0508213437,1
22,414,Bastar,2,1,0,3,0.3049280622,0.04123930494,0.0508213437,1
23,418,Sheopur,3,0,0,3,0.2474358297,0.04123930494,0.04123930494,1
23,423,Shivpuri,3,0,0,3,0.2474358297,0.04123930494,0.04123930494,1
23,427,Sagar,2,0,0,2,0.3029703316,0.04123930494,0.05049505527,1
23,434,Ratlam,1,0,2,1,0.3363345645,0.04123930494,0.05605576075,1
23,435,Ujjain,0,0,3,0,0.3285044413,0.04123930494,0.05475074021,1
23,436,Shajapur,1,0,2,1,0.3106434916,0.04123930494,0.05177391526,1
23,437,Dewas,0,0,3,0,0.3049280622,0.04123930494,0.0508213437,1
23,447,Betul,3,0,0,3,0.3525252171,0.04123930494,0.05875420285,1
23,452,Narsimhapur,2,0,0,2,0.3029703316,0.04123930494,0.05049505527,1
23,454,Mandla,3,0,0,3,0.3363345645,0.04123930494,0.05605576075,1
23,456,Seoni,3,0,0,3,0.2927325328,0.04123930494,0.04878875546,1
24,471,Mahesana,1,0,2,1,0.3299144395,0.04123930494,0.05498573992,1
24,477,Jamnagar,0,0,3,0,0.3299144395,0.04123930494,0.05498573992,1
24,479,Junagadh,1,0,2,1,0.2474358297,0.04123930494,0.04123930494,1
24,480,Amreli,0,0,3,0,0.2474358297,0.04123930494,0.04123930494,1
24,482,Anand,1,1,2,1,0.4409834435,0.04123930494,0.07349724058,1
24,484,Panch Mahals,2,0,1,2,0.2988179754,0.04123930494,0.04980299591,1
24,485,Dohad,2,0,1,2,0.3556055124,0.04123930494,0.0592675854,1
24,487,Narmada,2,0,1,2,0.3197008084,0.04123930494,0.05328346807,1
24,490,Navsari,2,0,1,2,0.2909878522,0.04123930494,0.04849797537,1
27,497,Nandurbar,2,0,1,2,0.2731269025,0.04123930494,0.04552115042,1
27,498,Dhule,0,0,3,0,0.2988179754,0.04123930494,0.04980299591,1
27,506,Bhandara,1,1,1,2,0.2731689597,0.04123930494,0.04552815995,1
27,508,Gadchiroli,2,1,0,3,0.4055820817,0.04123930494,0.06759701361,1
27,509,Chandrapur,2,0,1,2,0.3084458452,0.04123930494,0.05140764087,1
27,521,Pune,0,0,3,0,0.3377866199,0.04123930494,0.05629776999,1
27,522,Ahmadnagar,1,1,2,1,0.5234620534,0.04123930494,0.08724367556,1
27,530,Kolhapur,0,1,3,0,0.4580391095,0.04123930494,0.07633985159,1
27,531,Sangli,0,0,3,0,0.3299144395,0.04123930494,0.05498573992,1
29,558,Bidar,1,0,2,1,0.2909878522,0.04123930494,0.04849797537,1
29,569,Udupi,1,0,2,1,0.298457076,0.04123930494,0.04974284599,1
29,576,Kodagu,1,0,2,1,0.3240362016,0.04123930494,0.05400603359,1
29,577,Mysore,0,0,3,0,0.4123930494,0.04123930494,0.0687321749,1
32,588,Kasaragod,0,2,1,2,0.5543686014,0.04123930494,0.09239476691,1
33,608,Salem,0,1,3,0,0.4481149488,0.04123930494,0.07468582479,1
33,610,Erode,0,1,3,0,0.4481149488,0.04123930494,0.07468582479,1
33,611,The Nilgiris,0,1,3,0,0.4637751952,0.04123930494,0.07729586587,1
33,626,Ramanathapuram,2,0,1,2,0.3453918813,0.04123930494,0.05756531355,1
1,13,Shupiyan,3,0,0,3,0.3970726028,0.03868589716,0.06617876713,1
9,153,Kheri,2,1,0,3,0.2502011945,0.03868589716,0.04170019908,1
10,206,Sitamarhi,1,1,2,1,0.378390473,0.03868589716,0.06306507883,1
21,390,Kandhamal,2,1,0,3,0.4298970114,0.03868589716,0.0716495019,1
21,398,Koraput,2,1,0,3,0.3426685736,0.03868589716,0.05711142894,1
23,467,Burhanpur,1,0,2,1,0.2423290141,0.03868589716,0.04038816902,1
29,583,Bangalore Rural,1,0,2,1,0.2780917069,0.03499271061,0.04634861782,1
1,3,Leh(Ladakh),0,2,1,1,0.5426278952,0,0.09043798254,1
1,14,Anantnag,1,0,1,1,0.3513128024,0,0.05855213373,1
1,16,Doda,0,2,0,2,0.5051815372,0,0.08419692286,1
1,21,Jammu,1,0,1,1,0.1777113539,0,0.02961855898,1
1,22,Samba,0,0,1,0,0.3029703316,0,0.05049505527,1
2,23,Chamba,0,0,1,0,0.1081696828,0,0.01802828046,1
4,55,Chandigarh,1,0,0,1,0.2006791191,0,0.03344651985,1
5,56,Uttarkashi,1,0,1,1,0.2006791191,0,0.03344651985,1
5,62,Pithoragarh,0,0,1,0,0.1081696828,0,0.01802828046,1
7,90,North West,0,0,0,0,0,0,0,1
7,91,North,1,0,0,1,0.2006791191,0,0.03344651985,1
7,92,North East,1,0,0,1,0.2006791191,0,0.03344651985,1
7,93,East,1,0,0,1,0.2006791191,0,0.03344651985,1
7,94,New Delhi,1,0,0,1,0.2006791191,0,0.03344651985,1
7,95,Central,1,0,0,1,0.2006791191,0,0.03344651985,1
7,96,West,1,0,0,1,0.2006791191,0,0.03344651985,1
7,97,South West,0,0,0,0,0,0,0,1
7,98,South,0,0,0,0,0,0,0,1
8,100,Hanumangarh,0,0,2,0,0.2749941461,0,0.04583235768,1
8,101,Bikaner,0,1,1,0,0.2204917218,0,0.03674862029,1
8,102,Churu,0,1,0,0,0.1380131119,0,0.02300218531,1
8,103,Jhunjhunun,1,0,1,1,0.2102539229,0,0.03504232048,1
8,104,Alwar,1,0,1,1,0.1649572198,0,0.02749286996,1
8,111,Sikar,1,0,1,1,0.1906482927,0,0.03177471544,1
8,117,Sirohi,2,0,0,2,0.1649572198,0,0.02749286996,1
8,119,Ajmer,0,0,2,0,0.1828181694,0,0.03046969491,1
8,120,Tonk,1,1,0,1,0.2204917218,0,0.03674862029,1
8,121,Bundi,2,0,0,2,0.1649572198,0,0.02749286996,1
8,122,Bhilwara,1,0,1,1,0.1828181694,0,0.03046969491,1
8,123,Rajsamand,1,0,1,1,0.1598504042,0,0.02664173404,1
8,126,Chittaurgarh,1,0,1,1,0.1828181694,0,0.03046969491,1
8,128,Baran,2,0,0,2,0.2224494523,0,0.03707490872,1
9,154,Sitapur,2,0,0,2,0.1524640311,0,0.02541067185,1
9,180,Bahraich,0,0,0,0,0,0,0,1
9,188,Gorakhpur,2,0,0,2,0.2281648817,0,0.03802748028,1
9,190,Deoria,0,1,0,1,0.2528746295,0,0.04214577158,1
9,191,Azamgarh,0,1,1,1,0.3406499615,0,0.05677499359,1
9,193,Ballia,0,1,1,0,0.2006791191,0,0.03344651985,1
9,195,Ghazipur,1,0,1,1,0.2705587781,0,0.04509312968,1
10,207,Madhubani,1,0,0,1,0.1256276758,0,0.02093794597,1
10,209,Araria,0,0,0,0,0,0,0,1
10,210,Kishanganj,1,1,1,1,0.3010186787,0,0.05016977978,1
10,211,Purnia,1,0,0,1,0.1003395596,0,0.01672325993,1
10,212,Katihar,1,0,0,1,0.08247860988,0,0.01374643498,1
10,217,Gopalganj,0,2,2,0,0.4013582382,0,0.0668930397,1
10,224,Bhagalpur,0,0,0,0,0,0,0,1
10,225,Banka,1,0,1,1,0.1977607342,0,0.03296012237,1
10,231,Bhojpur,1,1,0,2,0.3917121032,0,0.06528535053,1
11,241,North District,0,1,0,1,0.4080597191,0,0.06800995318,1
11,243,South District,2,0,0,2,0.2372221985,0,0.03953703309,1
11,244,East District,1,0,0,1,0.2006791191,0,0.03344651985,1
12,260,Anjaw,0,2,1,1,0.4707257263,0,0.07845428772,1
14,272,Senapati,0,1,1,1,0.2911160896,0,0.04851934826,1
14,277,Imphal West,0,1,0,1,0.2799416849,0,0.04665694748,1
17,296,West Khasi Hills,0,1,1,0,0.1003395596,0,0.01672325993,1
17,299,Jaintia Hills,0,2,0,2,0.3263067949,0,0.05438446582,1
18,300,Kokrajhar,1,1,0,2,0.2943699952,0,0.04906166587,1
18,301,Dhubri,1,0,0,1,0.1081696828,0,0.01802828046,1
18,305,Nagaon,0,1,1,1,0.3790306646,0,0.06317177743,1
18,313,Golaghat,1,0,1,1,0.2259672353,0,0.03766120589,1
18,321,Kamrup,0,2,2,0,0.4326787311,0,0.07211312185,1
18,325,Darrang,1,0,1,1,0.2606509794,0,0.0434418299,1
19,330,Uttar Dinajpur,1,0,1,1,0.1906482927,0,0.03177471544,1
19,331,Dakshin Dinajpur,1,0,0,1,0.1003395596,0,0.01672325993,1
19,332,Maldah,1,0,1,1,0.1524640311,0,0.02541067185,1
19,333,Murshidabad,0,1,1,1,0.287328058,0,0.04788800967,1
19,334,Birbhum,0,0,1,0,0.1399708424,0,0.02332847374,1
19,340,Puruliya,2,0,0,2,0.2029994701,0,0.03383324502,1
19,342,Kolkata,1,0,0,1,0.2006791191,0,0.03344651985,1
20,365,Khunti,1,1,0,2,0.3525252171,0,0.05875420285,1
20,367,Simdega,1,1,1,1,0.3942739243,0,0.06571232072,1
20,368,Pashchimi Singhbhum,0,1,0,1,0.1081696828,0,0.01802828046,1
21,370,Bargarh,0,1,1,0,0.1003395596,0,0.01672325993,1
21,372,Sambalpur,0,1,1,0,0.1003395596,0,0.01672325993,1
21,374,Sundargarh,1,1,1,1,0.1828181694,0,0.03046969491,1
21,376,Mayurbhanj,1,1,0,2,0.2790478236,0,0.0465079706,1
21,391,Baudh,0,1,2,0,0.3286271459,0,0.05477119099,1
21,393,Balangir,0,1,0,1,0.1665986256,0,0.02776643759,1
21,395,Kalahandi,0,1,1,1,0.2669381851,0,0.04448969752,1
21,396,Rayagada,1,1,0,2,0.2832859663,0,0.04721432772,1
21,399,Malkangiri,1,1,0,2,0.1646589504,0,0.0274431584,1
22,400,Koriya,2,0,0,2,0.1728294002,0,0.02880490003,1
22,403,Raigarh,0,0,1,0,0.07737179433,0,0.01289529905,1
22,407,Kabeerdham,0,1,1,1,0.2085092423,0,0.03475154039,1
22,408,Rajnandgaon,0,1,2,0,0.2353628632,0,0.03922714386,1
22,417,Bijapur,1,1,0,2,0.2474358297,0,0.04123930494,1
23,425,Chhatarpur,1,1,0,2,0.2606509794,0,0.0434418299,1
23,428,Damoh,1,1,1,1,0.2460258314,0,0.04100430523,1
23,429,Satna,0,1,1,1,0.2085092423,0,0.03475154039,1
23,432,Neemuch,0,1,1,1,0.2805887011,0,0.04676478352,1
23,433,Mandsaur,1,0,1,1,0.2731269025,0,0.04552115042,1
23,438,Dhar,1,0,0,1,0.08247860988,0,0.01374643498,1
23,440,Khargone (West Nimar),0,0,0,0,0,0,0,1
23,441,Barwani,1,0,1,1,0.2281648817,0,0.03802748028,1
23,445,Sehore,0,0,1,0,0.1399708424,0,0.02332847374,1
23,450,Katni,0,0,0,0,0,0,0,1
23,451,Jabalpur,0,0,2,0,0.2081062857,0,0.03468438095,1
23,455,Chhindwara,2,0,0,2,0.2474358297,0,0.04123930494,1
23,457,Balaghat,0,1,1,0,0.1003395596,0,0.01672325993,1
23,466,Khandwa (East Nimar),2,0,0,2,0.1649572198,0,0.02749286996,1
24,468,Kachchh,0,0,1,0,0.127775313,0,0.0212958855,1
24,469,Banas Kantha,1,0,0,1,0.08247860988,0,0.01374643498,1
24,470,Patan,0,0,2,0,0.1649572198,0,0.02749286996,1
24,472,Sabar Kantha,0,0,1,0,0.08247860988,0,0.01374643498,1
24,475,Surendranagar,1,0,0,1,0.08247860988,0,0.01374643498,1
24,478,Porbandar,0,1,2,0,0.3525252171,0,0.05875420285,1
24,493,Tapi,1,0,1,1,0.1828181694,0,0.03046969491,1
25,494,Diu,1,0,0,1,0.2006791191,0,0.03344651985,1
25,495,Daman,1,0,0,1,0.2006791191,0,0.03344651985,1
26,496,Dadra & Nagar Haveli,2,0,0,2,0.3263067949,0,0.05438446582,1
27,499,Jalgaon,0,0,1,0,0.1547435887,0,0.02579059811,1
27,500,Buldana,0,0,0,0,0,0,0,1
27,501,Akola,0,0,2,0,0.2337973586,0,0.03896622643,1
27,503,Amravati,0,0,1,0,0.1350233036,0,0.02250388393,1
27,504,Wardha,0,0,1,0,0.08247860988,0,0.01374643498,1
27,507,Gondiya,1,0,1,1,0.2490772355,0,0.04151287258,1
27,511,Nanded,1,0,0,1,0.1081696828,0,0.01802828046,1
27,512,Hingoli,2,0,0,2,0.1598504042,0,0.02664173404,1
27,513,Parbhani,1,0,0,1,0.08247860988,0,0.01374643498,1
27,514,Jalna,1,0,0,1,0.1649572198,0,0.02749286996,1
27,515,Aurangabad,0,0,2,0,0.1649572198,0,0.02749286996,1
27,516,Nashik,0,0,2,0,0.2474358297,0,0.04123930494,1
27,518,Mumbai Suburban,1,0,0,1,0.127775313,0,0.0212958855,1
27,519,Mumbai,1,0,0,1,0.2006791191,0,0.03344651985,1
27,523,Bid,1,0,0,1,0.1649572198,0,0.02749286996,1
27,524,Latur,0,0,2,0,0.2163393656,0,0.03605656093,1
27,525,Osmanabad,1,0,0,1,0.08247860988,0,0.01374643498,1
27,526,Solapur,1,0,0,1,0.08247860988,0,0.01374643498,1
27,527,Satara,0,1,2,0,0.3245090483,0,0.05408484139,1
27,528,Ratnagiri,0,0,1,0,0.1649572198,0,0.02749286996,1
28,532,Adilabad,1,0,0,1,0.08247860988,0,0.01374643498,1
28,533,Nizamabad,0,0,1,0,0.1456862718,0,0.0242810453,1
28,534,Karimnagar,0,0,1,0,0.08247860988,0,0.01374643498,1
28,535,Medak,0,0,0,0,0,0,0,1
28,536,Hyderabad,1,0,0,1,0.2006791191,0,0.03344651985,1
28,537,Rangareddy,0,0,2,0,0.2474358297,0,0.04123930494,1
28,538,Mahbubnagar,0,0,0,0,0,0,0,1
28,539,Nalgonda,1,0,0,1,0.1003395596,0,0.01672325993,1
28,540,Warangal,0,0,0,0,0,0,0,1
28,541,Khammam,0,0,1,0,0.08247860988,0,0.01374643498,1
28,544,Visakhapatnam,1,0,1,1,0.2905848956,0,0.04843081593,1
28,545,East Godavari,1,0,0,1,0.08247860988,0,0.01374643498,1
28,546,West Godavari,1,0,1,1,0.2423290141,0,0.04038816902,1
28,547,Krishna,0,2,1,1,0.5105059723,0,0.08508432872,1
28,548,Guntur,0,0,2,0,0.2474358297,0,0.04123930494,1
28,549,Prakasam,0,0,0,0,0,0,0,1
28,550,Sri Potti Sriramulu Nellore,0,0,0,0,0,0,0,1
28,551,Y.S.R.,0,0,1,0,0.08247860988,0,0.01374643498,1
28,552,Kurnool,0,0,0,0,0,0,0,1
28,553,Anantapur,0,0,0,0,0,0,0,1
28,554,Chittoor,0,0,0,0,0,0,0,1
29,555,Belgaum,0,0,0,0,0,0,0,1
29,556,Bagalkot,0,0,0,0,0,0,0,1
29,557,Bijapur,0,0,0,0,0,0,0,1
29,559,Raichur,0,0,0,0,0,0,0,1
29,560,Koppal,0,0,1,0,0.1081696828,0,0.01802828046,1
29,561,Gadag,0,0,1,0,0.08247860988,0,0.01374643498,1
29,562,Dharwad,0,0,2,0,0.1649572198,0,0.02749286996,1
29,564,Haveri,1,0,0,1,0.07737179433,0,0.01289529905,1
29,565,Bellary,0,0,0,0,0,0,0,1
29,566,Chitradurga,0,0,0,0,0,0,0,1
29,567,Davanagere,0,0,0,0,0,0,0,1
29,570,Chikmagalur,1,0,1,1,0.1777113539,0,0.02961855898,1
29,571,Tumkur,0,0,0,0,0,0,0,1
29,573,Mandya,0,0,0,0,0,0,0,1
29,574,Hassan,1,0,0,1,0.07737179433,0,0.01289529905,1
29,575,Dakshina Kannada,1,0,1,1,0.2474358297,0,0.04123930494,1
29,578,Chamarajanagar,0,0,2,0,0.2627986166,0,0.04379976943,1
29,579,Gulbarga,0,0,0,0,0,0,0,1
29,580,Yadgir,0,0,0,0,0,0,0,1
29,582,Chikkaballapura,2,0,0,2,0.1906482927,0,0.03177471544,1
29,584,Ramanagara,0,0,1,0,0.1256276758,0,0.02093794597,1
30,585,North Goa,0,2,1,1,0.4256279567,0,0.07093799278,1
31,587,Lakshadweep,1,0,0,1,0.2006791191,0,0.03344651985,1
32,589,Kannur,0,0,1,0,0.2779839543,0,0.04633065905,1
32,591,Kozhikode,0,1,1,0,0.2913725436,0,0.04856209061,1
32,592,Malappuram,0,0,1,0,0.2730364155,0,0.04550606925,1
32,595,Ernakulam,1,1,1,1,0.4199125273,0,0.06998542122,1
32,596,Idukki,0,0,1,0,0.08247860988,0,0.01374643498,1
32,597,Kottayam,1,1,0,2,0.3594250344,0,0.05990417239,1
32,598,Alappuzha,1,1,1,1,0.3245090483,0,0.05408484139,1
32,599,Pathanamthitta,0,1,0,1,0.4080597191,0,0.06800995318,1
32,601,Thiruvananthapuram,0,2,0,2,0.4519344707,0,0.07532241178,1
33,603,Chennai,1,0,0,1,0.2006791191,0,0.03344651985,1
33,606,Tiruvannamalai,0,0,1,0,0.1547435887,0,0.02579059811,1
33,607,Viluppuram,0,0,1,0,0.08247860988,0,0.01374643498,1
33,612,Dindigul,0,1,0,1,0.2106032799,0,0.03510054665,1
33,613,Karur,0,0,2,0,0.2652967793,0,0.04421612989,1
33,621,Pudukkottai,0,1,1,0,0.2006791191,0,0.03344651985,1
33,622,Sivaganga,1,1,1,1,0.3970726028,0,0.06617876713,1
33,629,Kanniyakumari,0,2,0,2,0.5213019588,0,0.0868836598,1
33,630,Dharmapuri,0,1,1,1,0.2988179754,0,0.04980299591,1
33,631,Krishnagiri,0,0,1,0,0.1858973457,0,0.03098289095,1
34,634,Yanam,1,0,0,1,0.2006791191,0,0.03344651985,1
34,635,Puducherry,1,0,0,1,0.2006791191,0,0.03344651985,1
34,636,Mahe,2,0,0,2,0.3656363389,0,0.06093938981,1
34,637,Karaikal,1,0,0,1,0.2006791191,0,0.03344651985,1
35,638,Nicobars,1,0,0,1,0.2006791191,0,0.03344651985,1
35,639,North & Middle Andaman,1,0,0,1,0.2006791191,0,0.03344651985,1
35,640,South Andaman,1,0,0,1,0.2006791191,0,0.03344651985,1
3,41,Ludhiana,0,5,1,2,1.473358454,0.2644504266,0.2455597424,0
18,307,Lakhimpur,1,5,0,5,1.452601225,0.2545461645,0.2421002041,0
3,48,Patiala,1,4,4,1,1.378467843,0.2439588045,0.2297446405,0
3,35,Gurdaspur,1,5,1,5,1.331303135,0.2409689963,0.2218838558,0
21,379,Kendrapara,1,4,1,5,1.218708673,0.2372026712,0.2031181122,0
10,226,Munger,0,5,1,5,1.299670169,0.2359449958,0.2166116948,0
18,322,Kamrup Metropolitan,0,4,2,3,1.099150525,0.2333418115,0.1831917542,0
20,356,Lohardaga,1,4,2,3,1.127502921,0.2259672353,0.1879171535,0
13,265,Dimapur,0,4,1,4,1.136813196,0.2184794921,0.1894688661,0
10,227,Lakhisarai,1,4,1,5,1.171894856,0.2163393656,0.1953158093,0
2,31,Solan,0,4,4,0,1.054521952,0.2155386633,0.1757536587,0
19,327,Darjiling,2,3,2,3,1.068591316,0.2149225064,0.1780985527,0
3,40,Fatehgarh Sahib,1,4,3,2,1.075009715,0.2134713227,0.1791682858,0
33,619,Thiruvarur,0,4,3,1,0.9573119571,0.2128675537,0.1595519928,0
3,52,Sahibzada Ajit Singh Nagar,0,4,2,2,1.005653827,0.2100702131,0.1676089712,0
9,140,Ghaziabad,1,4,2,3,1.174064403,0.2094485047,0.1956774006,0
6,72,Kurukshetra,2,3,1,4,1.236860024,0.2064542896,0.2061433373,0
2,28,Hamirpur,1,3,1,4,1.043749301,0.2056411995,0.1739582168,0
9,132,Saharanpur,0,3,5,0,1.015979901,0.2011183556,0.1693299834,0
3,46,Bathinda,0,4,2,1,1.077778094,0.2006791191,0.1796296823,0
9,138,Meerut,2,3,2,3,1.040689862,0.2006791191,0.1734483104,0
20,361,Ramgarh,1,4,1,4,1.033757469,0.2006791191,0.1722929116,0
9,141,Gautam Buddha Nagar,2,3,1,5,1.102017881,0.2003395596,0.1836696468,0
19,337,North Twenty Four Parganas,1,4,1,4,1.060980174,0.1996107316,0.1768300289,0
10,223,Khagaria,2,3,1,5,1.177181213,0.1986241664,0.1961968688,0
18,311,Sivasagar,2,4,0,6,1.07679592,0.1986241664,0.1794659867,0
5,68,Hardwar,1,3,3,3,1.193529769,0.195613097,0.1989216282,0
10,229,Nalanda,1,3,2,3,1.04811145,0.1943796436,0.1746852417,0
19,336,Nadia,1,3,1,4,1.054979627,0.1943796436,0.1758299379,0
14,278,Imphal East,1,3,2,3,0.9875913608,0.1914689956,0.1645985601,0
6,70,Ambala,0,3,3,2,1.112715066,0.1906482927,0.1854525109,0
9,151,Pilibhit,2,3,0,5,1.00657184,0.1884243026,0.1677619733,0
9,157,Lucknow,1,3,2,3,0.9689832921,0.1884243026,0.1614972153,0
19,343,South Twenty Four Parganas,2,3,0,5,0.8919323564,0.1872871561,0.1486553927,0
2,30,Bilaspur,1,3,3,2,0.9419069305,0.1855414771,0.1569844884,0
6,75,Panipat,0,3,6,0,1.057639586,0.1855414771,0.1762732643,0
9,171,Chitrakoot,0,3,4,1,0.9999611208,0.1844181313,0.1666601868,0
9,181,Shrawasti,1,3,2,2,1.019571013,0.1835895027,0.1699285021,0
3,42,Moga,2,3,4,2,0.9597369073,0.1828181694,0.1599561512,0
6,89,Palwal,3,3,0,6,1.013569706,0.1828181694,0.1689282844,0
13,270,Kohima,1,3,1,4,0.9319705495,0.1828181694,0.1553284249,0
3,53,Sangrur,2,2,2,3,1.068819676,0.1824786099,0.1781366127,0
6,71,Yamunanagar,0,4,3,2,0.9487511697,0.1810128187,0.1581251949,0
21,386,Khordha,1,3,3,3,0.9357140719,0.1807632167,0.1559523453,0
19,341,Haora,1,3,2,3,0.9614264677,0.1798790504,0.1602377446,0
9,183,Gonda,0,3,3,1,0.9854714149,0.1781155011,0.1642452358,0
33,615,Perambalur,2,3,1,4,0.8884409984,0.1777113539,0.1480734997,0
21,380,Jagatsinghapur,3,3,0,6,1.067746987,0.1773967847,0.1779578312,0
3,49,Amritsar,1,3,2,2,0.9291966766,0.1771762387,0.1548661128,0
6,74,Karnal,0,3,4,0,1.049758709,0.1759311139,0.1749597849,0
3,36,Kapurthala,1,3,3,2,0.9715894198,0.1756813346,0.16193157,0
10,214,Saharsa,2,2,1,4,0.8739705978,0.1756564012,0.1456617663,0
9,164,Kanpur Nagar,2,2,3,3,1.077740068,0.1739518133,0.1796233446,0
12,255,Lower Subansiri,1,3,3,2,0.9742604418,0.1739518133,0.1623767403,0
2,27,Mandi,3,2,1,4,0.9341861191,0.1703249808,0.1556976865,0
3,51,Rupnagar,0,3,2,2,0.7576684462,0.1703249808,0.1262780744,0
18,316,Cachar,1,3,1,3,0.8320225052,0.1699854212,0.1386704175,0
18,308,Dhemaji,2,4,0,6,1.171939183,0.169765766,0.1953231971,0
33,618,Nagapattinam,0,3,3,2,0.9852400174,0.169765766,0.1642066696,0
6,69,Panchkula,1,2,0,3,0.8094179573,0.1693461155,0.1349029929,0
20,363,Jamtara,0,3,3,0,1.04410411,0.1693461155,0.1740173517,0
21,387,Puri,1,3,1,4,0.9632297592,0.1675116518,0.1605382932,0
5,66,Nainital,0,2,4,1,0.8918457612,0.1649572198,0.1486409602,0
5,67,Udham Singh Nagar,2,3,2,3,1.029086636,0.1649572198,0.1715144393,0
18,318,Hailakandi,4,2,0,6,0.9684948763,0.1649572198,0.1614158127,0
33,602,Thiruvallur,0,1,4,1,0.8727652387,0.1649572198,0.1454608731,0
33,604,Kancheepuram,0,2,5,1,0.9465720247,0.1649572198,0.1577620041,0
33,609,Namakkal,0,2,6,0,0.9561522071,0.1649572198,0.1593587012,0
15,282,Kolasib,1,3,1,4,0.9831995838,0.1631533974,0.1638665973,0
17,293,West Garo Hills,0,4,0,4,0.7576594873,0.1631533974,0.1262765812,0
12,253,Changlang,3,3,0,6,0.9938772268,0.1622545242,0.1656462045,0
10,221,Samastipur,2,2,0,4,0.8644377411,0.1621722634,0.1440729569,0
19,338,Hugli,1,2,4,1,0.9555703738,0.1615517359,0.159261729,0
10,222,Begusarai,4,2,0,6,1.055551965,0.1598504042,0.1759253274,0
12,250,West Siang,2,2,1,3,0.9381351655,0.1598504042,0.1563558609,0
13,264,Wokha,2,2,0,4,0.8115338787,0.1598504042,0.1352556464,0
10,205,Sheohar,2,3,0,5,0.7819331588,0.1590789818,0.1303221931,0
9,177,Faizabad,3,2,1,4,0.8929003836,0.1579277406,0.1488167306,0
3,47,Mansa,3,2,1,4,0.8259166036,0.1553217458,0.1376527673,0
10,239,Jehanabad,1,3,1,4,0.8576880016,0.1553217458,0.1429480003,0
18,319,Bongaigaon,1,3,0,4,0.8489420163,0.1544244009,0.1414903361,0
20,353,Pakur,0,3,2,2,0.8670477515,0.1528143003,0.1445079586,0
10,215,Darbhanga,0,2,3,0,0.7813170803,0.1523058687,0.1302195134,0
10,240,Arwal,1,3,0,4,0.8528909529,0.1514851658,0.1421484921,0
12,246,West Kameng,1,1,3,1,0.8545747545,0.1514851658,0.1424291257,0
12,247,East Kameng,1,1,3,2,0.9029313784,0.1514851658,0.1504885631,0
20,354,Dhanbad,2,1,2,2,0.6702480763,0.1514851658,0.1117080127,0
3,38,Hoshiarpur,0,3,3,1,0.7528772808,0.1508109646,0.1254795468,0
6,88,Faridabad,1,3,1,3,0.7572484238,0.1505093393,0.1262080706,0
10,220,Vaishali,0,3,2,2,0.8087305878,0.1505093393,0.1347884313,0
18,324,Baksa,1,3,1,4,0.9184836874,0.1505093393,0.1530806146,0
3,45,Faridkot,2,2,2,3,0.7831382524,0.1499902617,0.1305230421,0
9,174,Kaushambi,4,1,0,5,0.7429886566,0.1499902617,0.1238314428,0
23,444,Bhopal,0,1,5,0,0.7827245183,0.1499902617,0.1304540864,0
18,310,Dibrugarh,1,2,4,1,0.8882505886,0.1473572156,0.1480417648,0
6,82,Rohtak,0,2,4,0,0.7398791978,0.1471869693,0.1233131996,0
9,134,Bijnor,4,1,1,5,0.8871234931,0.1470511427,0.1478539155,0
9,178,Ambedkar Nagar,1,2,1,3,0.7836101997,0.1470511427,0.1306016999,0
18,323,Nalbari,1,2,2,2,0.8265294129,0.1470511427,0.1377549021,0
1,17,Ramban,1,3,1,3,0.8338043743,0.1468555799,0.1389673957,0
2,25,Lahul & Spiti,1,2,0,3,0.7139632603,0.1463783503,0.1189938767,0
6,83,Jhajjar,1,1,3,1,0.8356969416,0.1463662664,0.1392828236,0
9,197,Varanasi,0,2,2,2,0.8014187463,0.1452924478,0.133569791,0
23,422,Datia,2,1,2,2,0.7371483607,0.1418496918,0.1228580601,0
10,234,Rohtas,2,2,1,4,0.7479979065,0.1412594508,0.1246663177,0
12,254,Tirap,2,2,0,4,0.8016732233,0.1401856322,0.1336122039,0
6,73,Kaithal,2,2,2,3,0.9624072939,0.1389919772,0.1604012157,0
9,184,Siddharthnagar,1,2,2,1,0.8687313726,0.1380131119,0.1447885621,0
3,37,Jalandhar,2,2,2,2,0.7475895835,0.137497073,0.1245982639,0
5,63,Bageshwar,1,1,3,1,0.7369177155,0.137497073,0.1228196192,0
10,213,Madhepura,2,2,0,4,0.7446667344,0.136970504,0.1241111224,0
2,29,Una,1,2,4,1,0.8479711017,0.1365634513,0.141328517,0
5,60,Dehradun,0,3,5,0,0.8419914852,0.1365634513,0.1403319142,0
9,187,Mahrajganj,1,3,2,4,1.009298333,0.1365634513,0.1682163888,0
10,228,Sheikhpura,2,3,0,5,0.8268018445,0.1365634513,0.1378003074,0
13,266,Phek,1,2,1,3,0.7944288613,0.1365634513,0.1324048102,0
14,276,Thoubal,3,2,1,5,0.8682324814,0.1365634513,0.1447054136,0
6,77,Jind,2,2,1,3,0.8427737991,0.1365182077,0.1404622998,0
6,78,Fatehabad,1,2,0,2,0.694748911,0.1365182077,0.1157914852,0
8,106,Dhaulpur,3,1,1,4,0.7249172397,0.1365182077,0.12081954,0
9,158,Rae Bareli,2,2,0,4,0.7211513642,0.1365182077,0.120191894,0
23,420,Bhind,2,1,1,3,0.7198983292,0.1365182077,0.1199830549,0
13,261,Mon,3,1,0,4,0.7068655435,0.1359308583,0.1178109239,0
15,288,Saiha,3,2,2,4,0.9769121507,0.1359308583,0.1628186918,0
9,145,Mathura,2,1,1,3,0.6552234299,0.1356569738,0.109203905,0
17,297,Ribhoi,3,1,0,4,0.5899270501,0.1351131208,0.09832117501,0
9,200,Sonbhadra,3,1,0,4,0.6150261745,0.1350233036,0.1025043624,0
16,289,West Tripura,0,2,4,0,0.6342358045,0.1350233036,0.1057059674,0
17,294,East Garo Hills,1,3,0,4,0.6584299129,0.1350233036,0.1097383188,0
18,312,Jorhat,2,2,4,2,0.9745606245,0.1350233036,0.1624267707,0
9,147,Firozabad,2,1,1,3,0.6892056575,0.1338730777,0.1148676096,0
12,259,Lohit,4,2,0,6,0.8905756883,0.1336243323,0.1484292814,0
24,492,Surat,0,2,5,0,0.821617266,0.1336243323,0.136936211,0
9,185,Basti,2,2,1,3,0.7624257159,0.1334690926,0.1270709527,0
9,133,Muzaffarnagar,2,2,1,3,0.6625526923,0.1329917393,0.1104254487,0
20,350,Deoghar,2,2,1,3,0.7818608635,0.1328942124,0.1303101439,0
1,1,Kupwara,2,2,0,4,0.7283564187,0.1326483897,0.1213927364,0
3,54,Barnala,1,1,1,1,0.6676437293,0.1318203938,0.1112739549,0
8,105,Bharatpur,3,1,2,4,0.8172502349,0.1318203938,0.1362083725,0
9,163,Kanpur Dehat,1,2,0,3,0.7470115222,0.1318203938,0.1245019204,0
15,284,Champhai,0,2,2,1,0.644937373,0.1318203938,0.1074895622,0
20,349,Giridih,0,2,2,2,0.7990728197,0.1318203938,0.1331788033,0
12,248,Papum Pare,0,2,5,0,0.8266710385,0.1314566357,0.1377785064,0
18,314,Karbi Anglong,1,2,0,3,0.6731563616,0.1312765408,0.1121927269,0
1,6,Rajouri,2,2,0,4,0.6810083889,0.127654005,0.1135013982,0
1,19,Udhampur,2,2,0,4,0.7498039133,0.127654005,0.1249673189,0
8,114,Jaisalmer,2,2,1,4,0.6678904098,0.1269279773,0.1113150683,0
9,201,Etah,1,2,3,1,0.7305612974,0.1269279773,0.1217602162,0
21,371,Jharsuguda,1,1,2,2,0.6370092954,0.1262953843,0.1061682159,0
9,179,Sultanpur,3,2,0,5,0.7680641933,0.1261576414,0.1280106989,0
3,43,Firozpur,1,2,4,1,0.8874870254,0.1256276758,0.1479145042,0
6,80,Hisar,2,0,3,2,0.6911264431,0.1256276758,0.1151877405,0
9,142,Bulandshahr,4,1,0,5,0.7310478237,0.1256276758,0.1218413039,0
9,166,Jhansi,1,1,4,1,0.6643295686,0.1256276758,0.1107215948,0
9,198,Sant Ravidas Nagar (Bhadohi),0,2,2,2,0.7537660548,0.1256276758,0.1256276758,0
14,273,Tamenglong,2,2,0,4,0.6674679229,0.1256276758,0.1112446538,0
5,61,Garhwal,1,2,3,1,0.729675646,0.1245386177,0.1216126077,0
33,632,Coimbatore,0,1,4,0,0.6923347343,0.1237179148,0.1153891224,0
23,424,Tikamgarh,1,1,2,1,0.5318399089,0.1230913973,0.08863998482,0
23,453,Dindori,1,1,0,2,0.5491531263,0.1230913973,0.09152552105,0
21,385,Nayagarh,2,3,1,4,0.7257527741,0.1230129157,0.1209587957,0
29,572,Bangalore,0,0,4,0,0.5750088185,0.1225471895,0.09583480308,0
9,173,Pratapgarh,4,1,0,5,0.7119502515,0.1215964932,0.1186583752,0
12,258,Lower Dibang Valley,5,1,1,5,0.8735800969,0.1207787958,0.1455966828,0
24,474,Ahmadabad,0,0,5,0,0.6539506411,0.1207787958,0.1089917735,0
16,290,South Tripura,2,2,2,2,0.6849313214,0.120155201,0.1141552202,0
5,59,Tehri Garhwal,0,2,3,0,0.6976891955,0.1191763357,0.1162815326,0
9,135,Moradabad,2,2,0,4,0.6553711561,0.1191763357,0.109228526,0
10,216,Muzaffarpur,0,2,3,0,0.6397109096,0.1191763357,0.1066184849,0
20,348,Kodarma,0,2,4,0,0.7682150652,0.1191763357,0.1280358442,0
1,12,Pulwama,2,2,1,3,0.7091121901,0.1186110993,0.118185365,0
1,5,Punch,2,2,1,3,0.6856742718,0.1182253881,0.1142790453,0
9,199,Mirzapur,1,1,4,1,0.6866777356,0.1176814316,0.1144462893,0
10,219,Saran,1,2,3,1,0.7060885895,0.1176814316,0.1176814316,0
18,317,Karimganj,2,2,1,3,0.712068206,0.1176814316,0.1186780343,0
33,628,Tirunelveli,2,2,0,4,0.6703666901,0.1176814316,0.1117277817,0
9,137,Jyotiba Phule Nagar,2,1,1,3,0.5337778819,0.1168986793,0.08896298032,0
13,268,Longleng,4,1,0,5,0.6950421818,0.1168986793,0.1158403636,0
20,357,Purbi Singhbhum,1,1,2,2,0.5444408502,0.1168986793,0.09074014169,0
21,378,Bhadrak,1,2,2,3,0.7682104391,0.1168986793,0.1280350732,0
1,2,Badgam,2,1,1,3,0.643397782,0.1160576915,0.1072329637,0
12,256,Kurung Kumey,3,2,0,5,0.806924542,0.1140824409,0.1344874237,0
10,238,Jamui,0,2,4,1,0.7813192088,0.1140574363,0.1302198681,0
9,139,Baghpat,3,2,0,5,0.7619995938,0.1129836177,0.1269999323,0
9,146,Agra,2,1,2,3,0.6490958068,0.1129836177,0.1081826345,0
9,182,Balrampur,2,2,1,3,0.7026725782,0.1129836177,0.1171120964,0
10,235,Aurangabad,1,2,2,2,0.7123532081,0.1129836177,0.1187255347,0
15,287,Lawngtlai,3,1,0,4,0.6937837925,0.1115290331,0.1156306321,0
21,377,Baleshwar,0,2,2,0,0.6826874344,0.1102458609,0.1137812391,0
24,486,Vadodara,0,0,4,0,0.5504061613,0.1102458609,0.09173436021,0
33,616,Ariyalur,0,3,1,2,0.6938666494,0.1097306535,0.1156444416,0
9,175,Allahabad,1,2,3,1,0.6805615529,0.1087509567,0.1134269255,0
12,251,East Siang,3,1,0,4,0.6116250269,0.1087509567,0.1019375045,0
23,419,Morena,3,1,0,4,0.5561941445,0.1087509567,0.09269902408,0
2,34,Kinnaur,2,2,1,3,0.7225347541,0.1086713184,0.120422459,0
6,76,Sonipat,0,2,4,0,0.6657973853,0.1086713184,0.1109662309,0
10,230,Patna,1,1,3,1,0.5771007377,0.1086713184,0.09618345628,0
14,279,Ukhrul,0,2,4,0,0.5408484139,0.1081696828,0.09014140231,0
24,483,Kheda,1,2,2,3,0.7209632837,0.1051269614,0.1201605473,0
6,79,Sirsa,1,0,2,1,0.4815456578,0.1042546212,0.08025760963,0
9,144,Mahamaya Nagar,3,1,1,4,0.5850901376,0.1042546212,0.09751502294,0
9,169,Mahoba,0,2,4,0,0.625527727,0.1042546212,0.1042546212,0
13,267,Tuensang,2,2,0,4,0.7580945778,0.1040531428,0.1263490963,0
20,358,Palamu,1,1,2,1,0.5727796833,0.1040531428,0.09546328056,0
21,382,Jajapur,2,1,1,3,0.5568839522,0.1040531428,0.09281399204,0
23,459,Ashoknagar,1,1,3,1,0.4880479706,0.1040531428,0.08134132843,0
9,143,Aligarh,3,1,0,4,0.6278474428,0.1035092898,0.1046412405,0
20,355,Bokaro,0,2,2,2,0.6001570071,0.1035092898,0.1000261679,0
23,448,Harda,3,0,1,3,0.4676695591,0.1035092898,0.07794492652,0
19,345,Purba Medinipur,0,3,0,2,0.7097714482,0.1003395596,0.1182952414,0
9,186,Sant Kabir Nagar,1,2,3,2,0.7350921997,0.1003395596,0.1225153666,0
9,189,Kushinagar,1,2,1,3,0.6870650919,0.1003395596,0.1145108486,0
10,236,Gaya,0,1,4,1,0.6451833664,0.1003395596,0.1075305611,0
10,237,Nawada,1,2,5,1,0.8602026314,0.1003395596,0.1433671052,0
28,543,Vizianagaram,3,1,0,4,0.5016977978,0.1003395596,0.08361629963,0
33,627,Thoothukkudi,2,2,0,4,0.6998916199,0.1003395596,0.1166486033,0