id,latitude,longitude,OBJECTID,CE_ID,XCoordinate,YCoordinate,XCoordinat,YCoordinat,xCoordinate,yCoordinate,elevation,slope,aspect,climate,soil,gez,adm0_name,adm1_name,adm2_name
,14.903050563542863,74.08406148133695,,,,,,,,,25,1,180,10,7,11.0,India,Goa,South Goa
,14.903050563542863,74.10202778701934,,,,,,,,,26,1,169,10,7,11.0,India,Goa,South Goa
,14.921016869225253,74.04812886997216,,,,,,,,,89,1,240,0,0,0.0,India,Goa,South Goa
,14.921016869225253,74.06609517565455,,,,,,,,,62,1,111,0,0,0.0,India,Goa,South Goa
,14.921016869225253,74.08406148133695,,,,,,,,,53,1,165,10,7,11.0,India,Goa,South Goa
,14.921016869225253,74.10202778701934,,,,,,,,,49,1,196,10,7,11.0,India,Goa,South Goa
,14.921016869225253,74.11999409270172,,,,,,,,,70,1,212,10,7,11.0,India,Goa,South Goa
,14.921016869225253,74.13796039838411,,,,,,,,,73,1,248,10,7,11.0,India,Goa,South Goa
,14.921016869225253,74.1559267040665,,,,,,,,,121,1,346,10,7,11.0,India,Goa,South Goa
,14.938983174907642,74.04812886997216,,,,,,,,,40,1,330,0,0,0.0,India,Goa,South Goa
,14.938983174907642,74.06609517565455,,,,,,,,,40,1,272,0,0,0.0,India,Goa,South Goa
,14.938983174907642,74.08406148133695,,,,,,,,,75,1,255,10,7,11.0,India,Goa,South Goa
,14.938983174907642,74.10202778701934,,,,,,,,,86,0,99,10,7,11.0,India,Goa,South Goa
,14.938983174907642,74.11999409270172,,,,,,,,,57,0,71,10,7,11.0,India,Goa,South Goa
,14.938983174907642,74.13796039838411,,,,,,,,,55,0,150,10,7,11.0,India,Goa,South Goa
,14.938983174907642,74.1559267040665,,,,,,,,,52,0,312,10,7,11.0,India,Goa,South Goa
,14.938983174907642,74.20982562111368,,,,,,,,,229,3,235,10,7,11.0,India,Goa,South Goa
,14.956949480590033,74.06609517565455,,,,,,,,,61,1,251,0,0,11.0,India,Goa,South Goa
,14.956949480590033,74.08406148133695,,,,,,,,,66,0,46,10,7,11.0,India,Goa,South Goa
,14.956949480590033,74.10202778701934,,,,,,,,,52,0,42,10,7,11.0,India,Goa,South Goa
,14.956949480590033,74.11999409270172,,,,,,,,,59,1,222,10,7,11.0,India,Goa,South Goa
,14.956949480590033,74.13796039838411,,,,,,,,,82,1,235,10,7,11.0,India,Goa,South Goa
,14.956949480590033,74.1559267040665,,,,,,,,,104,1,238,10,7,11.0,India,Goa,South Goa
,14.956949480590033,74.1738930097489,,,,,,,,,113,0,236,10,7,11.0,India,Goa,South Goa
,14.956949480590033,74.19185931543129,,,,,,,,,117,1,311,10,7,11.0,India,Goa,South Goa
,14.956949480590033,74.20982562111368,,,,,,,,,175,3,300,10,7,11.0,India,Goa,South Goa
,14.956949480590033,74.22779192679606,,,,,,,,,299,1,338,10,7,11.0,India,Goa,South Goa
,14.974915786272424,74.04812886997216,,,,,,,,,31,1,261,0,0,11.0,India,Goa,South Goa
,14.974915786272424,74.06609517565455,,,,,,,,,58,1,282,0,0,11.0,India,Goa,South Goa
,14.974915786272424,74.08406148133695,,,,,,,,,66,0,284,10,7,11.0,India,Goa,South Goa
,14.974915786272424,74.10202778701934,,,,,,,,,78,0,283,10,7,11.0,India,Goa,South Goa
,14.974915786272424,74.11999409270172,,,,,,,,,92,0,308,10,7,11.0,India,Goa,South Goa
,14.974915786272424,74.13796039838411,,,,,,,,,88,0,37,10,7,11.0,India,Goa,South Goa
,14.974915786272424,74.1559267040665,,,,,,,,,72,0,21,10,7,11.0,India,Goa,South Goa
,14.974915786272424,74.1738930097489,,,,,,,,,82,1,304,10,7,11.0,India,Goa,South Goa
,14.974915786272424,74.19185931543129,,,,,,,,,106,1,295,10,7,11.0,India,Goa,South Goa
,14.974915786272424,74.20982562111368,,,,,,,,,122,2,267,10,7,11.0,India,Goa,South Goa
,14.974915786272424,74.22779192679606,,,,,,,,,221,5,245,10,7,11.0,India,Goa,South Goa
,14.974915786272424,74.24575823247845,,,,,,,,,397,6,204,10,7,11.0,India,Goa,South Goa
,14.974915786272424,74.26372453816084,,,,,,,,,381,7,159,10,7,11.0,India,Goa,South Goa
,14.992882091954815,74.04812886997216,,,,,,,,,25,1,242,0,0,11.0,India,Goa,South Goa
,14.992882091954815,74.06609517565455,,,,,,,,,53,1,275,0,0,11.0,India,Goa,South Goa
,14.992882091954815,74.08406148133695,,,,,,,,,61,0,82,10,7,11.0,India,Goa,South Goa
,14.992882091954815,74.10202778701934,,,,,,,,,46,0,90,10,7,11.0,India,Goa,South Goa
,14.992882091954815,74.11999409270172,,,,,,,,,51,1,345,10,7,11.0,India,Goa,South Goa
,14.992882091954815,74.13796039838411,,,,,,,,,55,1,242,10,7,11.0,India,Goa,South Goa
,14.992882091954815,74.1559267040665,,,,,,,,,88,2,196,10,7,11.0,India,Goa,South Goa
,14.992882091954815,74.1738930097489,,,,,,,,,89,1,190,10,7,11.0,India,Goa,South Goa
,14.992882091954815,74.19185931543129,,,,,,,,,98,2,220,10,7,11.0,India,Goa,South Goa
,14.992882091954815,74.20982562111368,,,,,,,,,182,5,259,10,7,11.0,India,Goa,South Goa
,14.992882091954815,74.22779192679606,,,,,,,,,432,7,237,10,7,11.0,India,Goa,South Goa
,14.992882091954815,74.24575823247845,,,,,,,,,589,3,233,10,7,11.0,India,Goa,South Goa
,14.992882091954815,74.26372453816084,,,,,,,,,608,2,119,10,7,11.0,India,Goa,South Goa
,15.010848397637204,74.03016256428977,,,,,,,,,29,1,225,10,7,11.0,India,Goa,South Goa
,15.010848397637204,74.04812886997216,,,,,,,,,56,1,203,10,7,11.0,India,Goa,South Goa
,15.010848397637204,74.06609517565455,,,,,,,,,55,1,188,10,7,11.0,India,Goa,South Goa
,15.010848397637204,74.08406148133695,,,,,,,,,65,1,201,10,7,11.0,India,Goa,South Goa
,15.010848397637204,74.10202778701934,,,,,,,,,78,1,173,10,7,11.0,India,Goa,South Goa
,15.010848397637204,74.11999409270172,,,,,,,,,56,1,229,10,7,11.0,India,Goa,South Goa
,15.010848397637204,74.13796039838411,,,,,,,,,108,3,228,10,7,11.0,India,Goa,South Goa
,15.010848397637204,74.1559267040665,,,,,,,,,193,4,187,10,7,11.0,India,Goa,South Goa
,15.010848397637204,74.1738930097489,,,,,,,,,138,4,186,10,7,11.0,India,Goa,South Goa
,15.010848397637204,74.19185931543129,,,,,,,,,222,6,188,10,7,11.0,India,Goa,South Goa
,15.010848397637204,74.20982562111368,,,,,,,,,190,6,224,10,7,11.0,India,Goa,South Goa
,15.010848397637204,74.22779192679606,,,,,,,,,499,6,235,10,7,11.0,India,Goa,South Goa
,15.010848397637204,74.24575823247845,,,,,,,,,532,1,39,10,7,11.0,India,Goa,South Goa
,15.010848397637204,74.26372453816084,,,,,,,,,454,5,47,10,7,11.0,India,Goa,South Goa
,15.028814703319595,73.99422995292498,,,,,,,,,47,1,238,0,0,0.0,India,Goa,South Goa
,15.028814703319595,74.01219625860737,,,,,,,,,57,1,174,10,7,11.0,India,Goa,South Goa
,15.028814703319595,74.03016256428977,,,,,,,,,40,3,190,10,7,11.0,India,Goa,South Goa
,15.028814703319595,74.04812886997216,,,,,,,,,88,5,195,10,7,11.0,India,Goa,South Goa
,15.028814703319595,74.06609517565455,,,,,,,,,123,5,186,10,7,11.0,India,Goa,South Goa
,15.028814703319595,74.08406148133695,,,,,,,,,122,4,181,10,7,11.0,India,Goa,South Goa
,15.028814703319595,74.10202778701934,,,,,,,,,126,2,160,10,7,11.0,India,Goa,South Goa
,15.028814703319595,74.11999409270172,,,,,,,,,78,2,208,10,7,11.0,India,Goa,South Goa
,15.028814703319595,74.13796039838411,,,,,,,,,181,4,257,10,7,11.0,India,Goa,South Goa
,15.028814703319595,74.1559267040665,,,,,,,,,336,4,226,10,7,11.0,India,Goa,South Goa
,15.028814703319595,74.1738930097489,,,,,,,,,382,5,209,10,7,11.0,India,Goa,South Goa
,15.028814703319595,74.19185931543129,,,,,,,,,491,2,217,10,7,11.0,India,Goa,South Goa
,15.028814703319595,74.20982562111368,,,,,,,,,477,5,213,10,7,11.0,India,Goa,South Goa
,15.028814703319595,74.22779192679606,,,,,,,,,680,1,225,10,7,11.0,India,Goa,South Goa
,15.028814703319595,74.24575823247845,,,,,,,,,531,4,95,10,7,11.0,India,Goa,South Goa
,15.028814703319595,74.26372453816084,,,,,,,,,390,1,213,10,7,11.0,India,Goa,South Goa
,15.028814703319595,74.28169084384324,,,,,,,,,580,5,224,10,7,11.0,India,Goa,South Goa
,15.046781009001986,73.99422995292498,,,,,,,,,43,1,261,0,0,0.0,India,Goa,South Goa
,15.046781009001986,74.01219625860737,,,,,,,,,88,2,264,10,7,11.0,India,Goa,South Goa
,15.046781009001986,74.03016256428977,,,,,,,,,204,5,260,10,7,11.0,India,Goa,South Goa
,15.046781009001986,74.04812886997216,,,,,,,,,388,3,248,10,7,11.0,India,Goa,South Goa
,15.046781009001986,74.06609517565455,,,,,,,,,393,2,166,10,7,11.0,India,Goa,South Goa
,15.046781009001986,74.08406148133695,,,,,,,,,360,5,143,10,7,11.0,India,Goa,South Goa
,15.046781009001986,74.10202778701934,,,,,,,,,201,5,145,10,7,11.0,India,Goa,South Goa
,15.046781009001986,74.11999409270172,,,,,,,,,164,5,175,10,7,11.0,India,Goa,South Goa
,15.046781009001986,74.13796039838411,,,,,,,,,172,5,226,10,7,11.0,India,Goa,South Goa
,15.046781009001986,74.1559267040665,,,,,,,,,395,4,277,10,7,11.0,India,Goa,South Goa
,15.046781009001986,74.1738930097489,,,,,,,,,433,3,14,10,7,11.0,India,Goa,South Goa
,15.046781009001986,74.19185931543129,,,,,,,,,352,5,350,10,7,11.0,India,Goa,South Goa
,15.046781009001986,74.20982562111368,,,,,,,,,488,5,319,10,7,11.0,India,Goa,South Goa
,15.046781009001986,74.22779192679606,,,,,,,,,555,7,351,10,7,11.0,India,Goa,South Goa
,15.046781009001986,74.24575823247845,,,,,,,,,557,3,6,10,7,11.0,India,Goa,South Goa
,15.046781009001986,74.26372453816084,,,,,,,,,531,0,226,10,7,11.0,India,Goa,South Goa
,15.046781009001986,74.28169084384324,,,,,,,,,565,3,268,10,7,11.0,India,Goa,South Goa
,15.064747314684377,73.9762636472426,,,,,,,,,59,2,190,0,0,0.0,India,Goa,South Goa
,15.064747314684377,73.99422995292498,,,,,,,,,59,1,189,0,0,0.0,India,Goa,South Goa
,15.064747314684377,74.01219625860737,,,,,,,,,75,1,265,10,7,11.0,India,Goa,South Goa
,15.064747314684377,74.03016256428977,,,,,,,,,95,2,324,10,7,11.0,India,Goa,South Goa
,15.064747314684377,74.04812886997216,,,,,,,,,167,5,331,10,7,11.0,India,Goa,South Goa
,15.064747314684377,74.06609517565455,,,,,,,,,242,5,319,10,7,11.0,India,Goa,South Goa
,15.064747314684377,74.08406148133695,,,,,,,,,384,4,313,10,7,11.0,India,Goa,South Goa
,15.064747314684377,74.10202778701934,,,,,,,,,419,1,231,10,7,11.0,India,Goa,South Goa
,15.064747314684377,74.11999409270172,,,,,,,,,449,3,177,10,7,11.0,India,Goa,South Goa
,15.064747314684377,74.13796039838411,,,,,,,,,409,4,143,10,7,11.0,India,Goa,South Goa
,15.064747314684377,74.1559267040665,,,,,,,,,305,4,43,10,7,11.0,India,Goa,South Goa
,15.064747314684377,74.1738930097489,,,,,,,,,203,5,25,10,7,11.0,India,Goa,South Goa
,15.064747314684377,74.19185931543129,,,,,,,,,167,3,352,10,7,11.0,India,Goa,South Goa
,15.064747314684377,74.20982562111368,,,,,,,,,235,6,353,10,7,11.0,India,Goa,South Goa
,15.064747314684377,74.22779192679606,,,,,,,,,211,7,353,10,7,11.0,India,Goa,South Goa
,15.064747314684377,74.24575823247845,,,,,,,,,292,5,322,10,7,11.0,India,Goa,South Goa
,15.064747314684377,74.26372453816084,,,,,,,,,398,5,293,10,7,11.0,India,Goa,South Goa
,15.064747314684377,74.28169084384324,,,,,,,,,588,5,282,10,7,11.0,India,Goa,South Goa
,15.082713620366766,73.94033103587782,,,,,,,,,150,2,235,0,0,0.0,India,Goa,South Goa
,15.082713620366766,73.95829734156021,,,,,,,,,152,2,175,0,0,0.0,India,Goa,South Goa
,15.082713620366766,73.9762636472426,,,,,,,,,139,2,177,0,0,0.0,India,Goa,South Goa
,15.082713620366766,73.99422995292498,,,,,,,,,145,3,167,0,0,0.0,India,Goa,South Goa
,15.082713620366766,74.01219625860737,,,,,,,,,91,2,148,10,7,11.0,India,Goa,South Goa
,15.082713620366766,74.03016256428977,,,,,,,,,72,0,240,10,7,11.0,India,Goa,South Goa
,15.082713620366766,74.04812886997216,,,,,,,,,113,1,267,10,7,11.0,India,Goa,South Goa
,15.082713620366766,74.06609517565455,,,,,,,,,138,2,318,10,7,11.0,India,Goa,South Goa
,15.082713620366766,74.08406148133695,,,,,,,,,192,4,332,10,7,11.0,India,Goa,South Goa
,15.082713620366766,74.10202778701934,,,,,,,,,255,5,331,10,7,11.0,India,Goa,South Goa
,15.082713620366766,74.11999409270172,,,,,,,,,342,5,339,10,7,11.0,India,Goa,South Goa
,15.082713620366766,74.13796039838411,,,,,,,,,370,5,32,10,7,11.0,India,Goa,South Goa
,15.082713620366766,74.1559267040665,,,,,,,,,170,5,50,10,7,11.0,India,Goa,South Goa
,15.082713620366766,74.1738930097489,,,,,,,,,131,1,44,10,7,11.0,India,Goa,South Goa
,15.082713620366766,74.19185931543129,,,,,,,,,125,1,24,10,7,11.0,India,Goa,South Goa
,15.082713620366766,74.20982562111368,,,,,,,,,94,2,11,10,7,11.0,India,Goa,South Goa
,15.082713620366766,74.22779192679606,,,,,,,,,96,3,292,10,7,11.0,India,Goa,South Goa
,15.082713620366766,74.24575823247845,,,,,,,,,305,5,255,10,7,11.0,India,Goa,South Goa
,15.082713620366766,74.26372453816084,,,,,,,,,404,4,223,10,7,11.0,India,Goa,South Goa
,15.082713620366766,74.28169084384324,,,,,,,,,495,4,263,10,7,11.0,India,Goa,South Goa
,15.100679926049157,73.94033103587782,,,,,,,,,82,2,308,10,7,11.0,India,Goa,South Goa
,15.100679926049157,73.95829734156021,,,,,,,,,158,2,294,10,7,11.0,India,Goa,South Goa
,15.100679926049157,73.9762636472426,,,,,,,,,221,2,290,10,7,11.0,India,Goa,South Goa
,15.100679926049157,73.99422995292498,,,,,,,,,275,1,31,10,7,11.0,India,Goa,South Goa
,15.100679926049157,74.01219625860737,,,,,,,,,198,3,94,10,7,11.0,India,Goa,South Goa
,15.100679926049157,74.03016256428977,,,,,,,,,108,1,130,10,7,11.0,India,Goa,South Goa
,15.100679926049157,74.04812886997216,,,,,,,,,170,2,199,10,7,11.0,India,Goa,South Goa
,15.100679926049157,74.06609517565455,,,,,,,,,152,1,165,10,7,11.0,India,Goa,South Goa
,15.100679926049157,74.08406148133695,,,,,,,,,160,2,5,10,7,11.0,India,Goa,South Goa
,15.100679926049157,74.10202778701934,,,,,,,,,141,3,7,10,7,11.0,India,Goa,South Goa
,15.100679926049157,74.11999409270172,,,,,,,,,137,4,4,10,7,11.0,India,Goa,South Goa
,15.100679926049157,74.13796039838411,,,,,,,,,124,4,8,10,7,11.0,India,Goa,South Goa
,15.100679926049157,74.1559267040665,,,,,,,,,96,0,284,10,7,11.0,India,Goa,South Goa
,15.100679926049157,74.1738930097489,,,,,,,,,154,1,25,10,7,11.0,India,Goa,South Goa
,15.100679926049157,74.19185931543129,,,,,,,,,80,1,53,10,7,11.0,India,Goa,South Goa
,15.100679926049157,74.20982562111368,,,,,,,,,78,1,282,10,7,11.0,India,Goa,South Goa
,15.100679926049157,74.22779192679606,,,,,,,,,121,5,250,10,7,11.0,India,Goa,South Goa
,15.100679926049157,74.24575823247845,,,,,,,,,378,7,283,10,7,11.0,India,Goa,South Goa
,15.100679926049157,74.26372453816084,,,,,,,,,610,4,284,10,7,11.0,India,Goa,South Goa
,15.118646231731548,73.94033103587782,,,,,,,,,46,2,304,10,7,11.0,India,Goa,South Goa
,15.118646231731548,73.95829734156021,,,,,,,,,88,2,335,10,7,11.0,India,Goa,South Goa
,15.118646231731548,73.9762636472426,,,,,,,,,95,2,354,10,7,11.0,India,Goa,South Goa
,15.118646231731548,73.99422995292498,,,,,,,,,106,3,358,10,7,11.0,India,Goa,South Goa
,15.118646231731548,74.01219625860737,,,,,,,,,104,2,4,10,7,11.0,India,Goa,South Goa
,15.118646231731548,74.03016256428977,,,,,,,,,96,2,285,10,7,11.0,India,Goa,South Goa
,15.118646231731548,74.04812886997216,,,,,,,,,242,1,244,10,7,11.0,India,Goa,South Goa
,15.118646231731548,74.06609517565455,,,,,,,,,176,3,95,10,7,11.0,India,Goa,South Goa
,15.118646231731548,74.08406148133695,,,,,,,,,73,2,50,10,7,11.0,India,Goa,South Goa
,15.118646231731548,74.10202778701934,,,,,,,,,72,1,1,10,7,11.0,India,Goa,South Goa
,15.118646231731548,74.11999409270172,,,,,,,,,71,1,0,10,7,11.0,India,Goa,South Goa
,15.118646231731548,74.13796039838411,,,,,,,,,72,1,289,10,7,11.0,India,Goa,South Goa
,15.118646231731548,74.1559267040665,,,,,,,,,162,1,216,10,7,11.0,India,Goa,South Goa
,15.118646231731548,74.1738930097489,,,,,,,,,96,2,50,10,7,11.0,India,Goa,South Goa
,15.118646231731548,74.19185931543129,,,,,,,,,65,0,21,10,7,11.0,India,Goa,South Goa
,15.118646231731548,74.20982562111368,,,,,,,,,85,2,277,10,7,11.0,India,Goa,South Goa
,15.118646231731548,74.22779192679606,,,,,,,,,209,2,280,10,7,11.0,India,Goa,South Goa
,15.118646231731548,74.24575823247845,,,,,,,,,187,3,309,10,7,11.0,India,Goa,South Goa
,15.118646231731548,74.26372453816084,,,,,,,,,343,7,284,10,7,11.0,India,Goa,South Goa
,15.118646231731548,74.28169084384324,,,,,,,,,619,5,259,10,7,11.0,India,Goa,South Goa
,15.136612537413939,73.95829734156021,,,,,,,,,51,1,336,10,7,11.0,India,Goa,South Goa
,15.136612537413939,73.9762636472426,,,,,,,,,53,1,355,10,7,11.0,India,Goa,South Goa
,15.136612537413939,73.99422995292498,,,,,,,,,56,1,353,10,7,11.0,India,Goa,South Goa
,15.136612537413939,74.01219625860737,,,,,,,,,58,1,346,10,7,11.0,India,Goa,South Goa
,15.136612537413939,74.03016256428977,,,,,,,,,71,2,285,10,7,11.0,India,Goa,South Goa
,15.136612537413939,74.04812886997216,,,,,,,,,211,2,325,10,7,11.0,India,Goa,South Goa
,15.136612537413939,74.06609517565455,,,,,,,,,167,2,62,10,7,11.0,India,Goa,South Goa
,15.136612537413939,74.08406148133695,,,,,,,,,71,2,94,10,7,11.0,India,Goa,South Goa
,15.136612537413939,74.10202778701934,,,,,,,,,59,0,46,10,7,11.0,India,Goa,South Goa
,15.136612537413939,74.11999409270172,,,,,,,,,52,1,232,10,7,11.0,India,Goa,South Goa
,15.136612537413939,74.13796039838411,,,,,,,,,92,1,258,10,7,11.0,India,Goa,South Goa
,15.136612537413939,74.1559267040665,,,,,,,,,130,1,30,10,7,11.0,India,Goa,South Goa
,15.136612537413939,74.1738930097489,,,,,,,,,70,1,64,10,7,11.0,India,Goa,South Goa
,15.136612537413939,74.19185931543129,,,,,,,,,50,0,31,10,7,11.0,India,Goa,South Goa
,15.136612537413939,74.20982562111368,,,,,,,,,60,1,297,10,7,11.0,India,Goa,South Goa
,15.136612537413939,74.22779192679606,,,,,,,,,102,4,300,10,7,11.0,India,Goa,South Goa
,15.136612537413939,74.24575823247845,,,,,,,,,266,6,277,10,7,11.0,India,Goa,South Goa
,15.136612537413939,74.26372453816084,,,,,,,,,501,6,279,10,7,11.0,India,Goa,South Goa
,15.136612537413939,74.28169084384324,,,,,,,,,687,4,305,10,7,11.0,India,Goa,South Goa
,15.154578843096328,73.95829734156021,,,,,,,,,19,1,320,10,7,11.0,India,Goa,South Goa
,15.154578843096328,73.9762636472426,,,,,,,,,40,1,314,10,7,11.0,India,Goa,South Goa
,15.154578843096328,73.99422995292498,,,,,,,,,61,1,0,10,7,11.0,India,Goa,South Goa
,15.154578843096328,74.01219625860737,,,,,,,,,40,0,17,10,7,11.0,India,Goa,South Goa
,15.154578843096328,74.03016256428977,,,,,,,,,54,1,278,10,7,11.0,India,Goa,South Goa
,15.154578843096328,74.04812886997216,,,,,,,,,101,2,342,10,7,11.0,India,Goa,South Goa
,15.154578843096328,74.06609517565455,,,,,,,,,98,1,17,10,7,11.0,India,Goa,South Goa
,15.154578843096328,74.08406148133695,,,,,,,,,80,1,130,10,7,11.0,India,Goa,South Goa
,15.154578843096328,74.10202778701934,,,,,,,,,53,0,215,10,7,11.0,India,Goa,South Goa
,15.154578843096328,74.11999409270172,,,,,,,,,98,2,194,10,7,11.0,India,Goa,South Goa
,15.154578843096328,74.13796039838411,,,,,,,,,89,1,197,10,7,11.0,India,Goa,South Goa
,15.154578843096328,74.1559267040665,,,,,,,,,122,1,118,10,7,11.0,India,Goa,South Goa
,15.154578843096328,74.1738930097489,,,,,,,,,55,1,75,10,7,11.0,India,Goa,South Goa
,15.154578843096328,74.19185931543129,,,,,,,,,48,0,288,10,7,11.0,India,Goa,South Goa
,15.154578843096328,74.20982562111368,,,,,,,,,58,1,230,10,7,11.0,India,Goa,South Goa
,15.154578843096328,74.22779192679606,,,,,,,,,84,1,281,10,7,11.0,India,Goa,South Goa
,15.154578843096328,74.24575823247845,,,,,,,,,136,4,308,10,7,11.0,India,Goa,South Goa
,15.154578843096328,74.26372453816084,,,,,,,,,273,7,318,10,7,11.0,India,Goa,South Goa
,15.154578843096328,74.28169084384324,,,,,,,,,466,9,316,10,7,11.0,India,Goa,South Goa
,15.154578843096328,74.29965714952563,,,,,,,,,713,5,303,10,7,11.0,India,Goa,South Goa
,15.172545148778719,73.95829734156021,,,,,,,,,6,0,336,10,2,11.0,India,Goa,South Goa
,15.172545148778719,73.9762636472426,,,,,,,,,11,0,342,10,2,11.0,India,Goa,South Goa
,15.172545148778719,73.99422995292498,,,,,,,,,16,1,334,10,2,11.0,India,Goa,South Goa
,15.172545148778719,74.01219625860737,,,,,,,,,34,1,299,10,7,11.0,India,Goa,South Goa
,15.172545148778719,74.03016256428977,,,,,,,,,62,1,310,10,7,11.0,India,Goa,South Goa
,15.172545148778719,74.04812886997216,,,,,,,,,74,1,331,10,7,11.0,India,Goa,South Goa
,15.172545148778719,74.06609517565455,,,,,,,,,94,1,324,10,7,11.0,India,Goa,South Goa
,15.172545148778719,74.08406148133695,,,,,,,,,110,1,12,10,7,11.0,India,Goa,South Goa
,15.172545148778719,74.10202778701934,,,,,,,,,86,1,259,10,7,11.0,India,Goa,South Goa
,15.172545148778719,74.11999409270172,,,,,,,,,197,1,289,10,7,11.0,India,Goa,South Goa
,15.172545148778719,74.13796039838411,,,,,,,,,171,1,67,10,7,11.0,India,Goa,South Goa
,15.172545148778719,74.1559267040665,,,,,,,,,149,2,65,10,7,11.0,India,Goa,South Goa
,15.172545148778719,74.1738930097489,,,,,,,,,49,2,87,10,7,11.0,India,Goa,South Goa
,15.172545148778719,74.19185931543129,,,,,,,,,49,1,253,10,7,11.0,India,Goa,South Goa
,15.172545148778719,74.20982562111368,,,,,,,,,91,2,199,10,7,11.0,India,Goa,South Goa
,15.172545148778719,74.22779192679606,,,,,,,,,86,0,311,10,7,11.0,India,Goa,South Goa
,15.172545148778719,74.24575823247845,,,,,,,,,114,1,315,10,7,11.0,India,Goa,South Goa
,15.172545148778719,74.26372453816084,,,,,,,,,121,3,330,10,7,11.0,India,Goa,South Goa
,15.172545148778719,74.28169084384324,,,,,,,,,208,6,294,10,7,11.0,India,Goa,South Goa
,15.172545148778719,74.29965714952563,,,,,,,,,515,8,274,10,7,11.0,India,Goa,South Goa
,15.19051145446111,73.94033103587782,,,,,,,,,8,0,215,10,2,11.0,India,Goa,South Goa
,15.19051145446111,73.95829734156021,,,,,,,,,5,0,314,10,2,11.0,India,Goa,South Goa
,15.19051145446111,73.9762636472426,,,,,,,,,9,0,270,10,2,11.0,India,Goa,South Goa
,15.19051145446111,73.99422995292498,,,,,,,,,12,0,291,10,2,11.0,India,Goa,South Goa
,15.19051145446111,74.01219625860737,,,,,,,,,14,1,186,10,7,11.0,India,Goa,South Goa
,15.19051145446111,74.03016256428977,,,,,,,,,19,1,199,10,7,11.0,India,Goa,South Goa
,15.19051145446111,74.04812886997216,,,,,,,,,40,1,321,10,7,11.0,India,Goa,South Goa
,15.19051145446111,74.06609517565455,,,,,,,,,46,1,0,10,7,11.0,India,Goa,South Goa
,15.19051145446111,74.08406148133695,,,,,,,,,40,1,338,10,7,11.0,India,Goa,South Goa
,15.19051145446111,74.10202778701934,,,,,,,,,71,0,237,10,7,11.0,India,Goa,South Goa
,15.19051145446111,74.11999409270172,,,,,,,,,67,2,1,10,7,11.0,India,Goa,South Goa
,15.19051145446111,74.13796039838411,,,,,,,,,68,2,2,10,7,11.0,India,Goa,South Goa
,15.19051145446111,74.1559267040665,,,,,,,,,63,1,11,10,7,11.0,India,Goa,South Goa
,15.19051145446111,74.1738930097489,,,,,,,,,49,0,27,10,7,11.0,India,Goa,South Goa
,15.19051145446111,74.19185931543129,,,,,,,,,61,2,267,10,7,11.0,India,Goa,South Goa
,15.19051145446111,74.20982562111368,,,,,,,,,170,0,355,10,7,11.0,India,Goa,South Goa
,15.19051145446111,74.22779192679606,,,,,,,,,63,1,70,10,7,11.0,India,Goa,South Goa
,15.19051145446111,74.24575823247845,,,,,,,,,100,1,307,10,7,11.0,India,Goa,South Goa
,15.19051145446111,74.26372453816084,,,,,,,,,102,3,272,10,7,11.0,India,Goa,South Goa
,15.19051145446111,74.28169084384324,,,,,,,,,286,9,256,10,7,11.0,India,Goa,South Goa
,15.19051145446111,74.29965714952563,,,,,,,,,671,6,262,10,7,11.0,India,Goa,South Goa
,15.2084777601435,73.94033103587782,,,,,,,,,11,0,207,10,2,11.0,India,Goa,South Goa
,15.2084777601435,73.95829734156021,,,,,,,,,5,0,0,10,2,11.0,India,Goa,South Goa
,15.2084777601435,73.9762636472426,,,,,,,,,11,0,270,10,2,11.0,India,Goa,South Goa
,15.2084777601435,73.99422995292498,,,,,,,,,14,1,259,10,2,11.0,India,Goa,South Goa
,15.2084777601435,74.01219625860737,,,,,,,,,98,2,241,10,7,11.0,India,Goa,South Goa
,15.2084777601435,74.03016256428977,,,,,,,,,142,1,127,10,7,11.0,India,Goa,South Goa
,15.2084777601435,74.04812886997216,,,,,,,,,39,2,84,10,7,11.0,India,Goa,South Goa
,15.2084777601435,74.06609517565455,,,,,,,,,23,0,346,10,7,11.0,India,Goa,South Goa
,15.2084777601435,74.08406148133695,,,,,,,,,45,1,281,10,7,11.0,India,Goa,South Goa
,15.2084777601435,74.10202778701934,,,,,,,,,104,1,16,10,7,11.0,India,Goa,South Goa
,15.2084777601435,74.11999409270172,,,,,,,,,33,1,67,10,7,11.0,India,Goa,South Goa
,15.2084777601435,74.13796039838411,,,,,,,,,27,1,338,10,7,11.0,India,Goa,South Goa
,15.2084777601435,74.1559267040665,,,,,,,,,49,1,329,10,7,11.0,India,Goa,South Goa
,15.2084777601435,74.1738930097489,,,,,,,,,45,0,342,10,7,11.0,India,Goa,South Goa
,15.2084777601435,74.19185931543129,,,,,,,,,55,0,309,10,7,11.0,India,Goa,South Goa
,15.2084777601435,74.20982562111368,,,,,,,,,68,2,358,10,7,11.0,India,Goa,South Goa
,15.2084777601435,74.22779192679606,,,,,,,,,59,0,224,10,7,11.0,India,Goa,South Goa
,15.2084777601435,74.24575823247845,,,,,,,,,84,3,199,10,7,11.0,India,Goa,South Goa
,15.2084777601435,74.26372453816084,,,,,,,,,115,5,244,10,7,11.0,India,Goa,South Goa
,15.2084777601435,74.28169084384324,,,,,,,,,356,8,235,10,7,11.0,India,Goa,South Goa
,15.2084777601435,74.29965714952563,,,,,,,,,569,5,278,10,7,11.0,India,Goa,South Goa
,15.22644406582589,73.94033103587782,,,,,,,,,12,0,314,10,2,11.0,India,Goa,South Goa
,15.22644406582589,73.95829734156021,,,,,,,,,5,0,142,10,2,11.0,India,Goa,South Goa
,15.22644406582589,73.9762636472426,,,,,,,,,9,0,250,10,2,11.0,India,Goa,South Goa
,15.22644406582589,73.99422995292498,,,,,,,,,29,1,249,10,2,11.0,India,Goa,South Goa
,15.22644406582589,74.01219625860737,,,,,,,,,87,1,334,10,7,11.0,India,Goa,South Goa
,15.22644406582589,74.03016256428977,,,,,,,,,65,2,30,10,7,11.0,India,Goa,South Goa
,15.22644406582589,74.04812886997216,,,,,,,,,28,1,62,10,7,11.0,India,Goa,South Goa
,15.22644406582589,74.06609517565455,,,,,,,,,21,0,79,10,7,11.0,India,Goa,South Goa
,15.22644406582589,74.08406148133695,,,,,,,,,23,1,350,10,7,11.0,India,Goa,South Goa
,15.22644406582589,74.10202778701934,,,,,,,,,27,1,354,10,7,11.0,India,Goa,South Goa
,15.22644406582589,74.11999409270172,,,,,,,,,33,0,10,10,7,11.0,India,Goa,South Goa
,15.22644406582589,74.13796039838411,,,,,,,,,26,0,175,10,7,11.0,India,Goa,South Goa
,15.22644406582589,74.1559267040665,,,,,,,,,32,0,220,10,7,11.0,India,Goa,South Goa
,15.22644406582589,74.1738930097489,,,,,,,,,30,0,240,10,7,11.0,India,Goa,South Goa
,15.22644406582589,74.19185931543129,,,,,,,,,42,0,329,10,7,11.0,India,Goa,South Goa
,15.22644406582589,74.20982562111368,,,,,,,,,40,1,286,10,7,11.0,India,Goa,South Goa
,15.22644406582589,74.22779192679606,,,,,,,,,80,4,252,10,7,11.0,India,Goa,South Goa
,15.22644406582589,74.24575823247845,,,,,,,,,268,6,204,10,7,11.0,India,Goa,South Goa
,15.22644406582589,74.26372453816084,,,,,,,,,238,8,220,10,7,11.0,India,Goa,South Goa
,15.22644406582589,74.28169084384324,,,,,,,,,612,7,236,10,7,11.0,India,Goa,South Goa
,15.22644406582589,74.29965714952563,,,,,,,,,626,1,176,10,7,11.0,India,Goa,South Goa
,15.24441037150828,73.92236473019543,,,,,,,,,7,0,226,10,2,11.0,India,Goa,South Goa
,15.24441037150828,73.94033103587782,,,,,,,,,10,0,314,10,2,11.0,India,Goa,South Goa
,15.24441037150828,73.95829734156021,,,,,,,,,9,0,236,10,2,11.0,India,Goa,South Goa
,15.24441037150828,73.9762636472426,,,,,,,,,20,1,262,10,2,11.0,India,Goa,South Goa
,15.24441037150828,73.99422995292498,,,,,,,,,45,0,345,10,2,11.0,India,Goa,South Goa
,15.24441037150828,74.01219625860737,,,,,,,,,23,1,9,10,7,11.0,India,Goa,South Goa
,15.24441037150828,74.03016256428977,,,,,,,,,36,1,11,10,7,11.0,India,Goa,South Goa
,15.24441037150828,74.04812886997216,,,,,,,,,15,0,42,10,7,11.0,India,Goa,South Goa
,15.24441037150828,74.06609517565455,,,,,,,,,22,0,54,10,7,11.0,India,Goa,South Goa
,15.24441037150828,74.08406148133695,,,,,,,,,11,0,95,10,7,11.0,India,Goa,South Goa
,15.24441037150828,74.10202778701934,,,,,,,,,10,0,308,10,7,11.0,India,Goa,South Goa
,15.24441037150828,74.11999409270172,,,,,,,,,27,0,268,10,7,11.0,India,Goa,South Goa
,15.24441037150828,74.13796039838411,,,,,,,,,38,1,210,10,7,11.0,India,Goa,South Goa
,15.24441037150828,74.1559267040665,,,,,,,,,54,1,198,10,7,11.0,India,Goa,South Goa
,15.24441037150828,74.1738930097489,,,,,,,,,51,1,159,10,7,11.0,India,Goa,South Goa
,15.24441037150828,74.19185931543129,,,,,,,,,38,0,191,10,7,11.0,India,Goa,South Goa
,15.24441037150828,74.20982562111368,,,,,,,,,57,2,227,10,7,11.0,India,Goa,South Goa
,15.24441037150828,74.22779192679606,,,,,,,,,135,7,244,10,7,11.0,India,Goa,South Goa
,15.24441037150828,74.24575823247845,,,,,,,,,451,7,245,10,7,11.0,India,Goa,South Goa
,15.262376677190671,73.92236473019543,,,,,,,,,14,0,226,10,7,11.0,India,Goa,South Goa
,15.262376677190671,73.94033103587782,,,,,,,,,10,0,64,10,7,11.0,India,Goa,South Goa
,15.262376677190671,73.95829734156021,,,,,,,,,12,0,191,10,7,11.0,India,Goa,South Goa
,15.262376677190671,73.9762636472426,,,,,,,,,14,0,205,10,7,11.0,India,Goa,South Goa
,15.262376677190671,73.99422995292498,,,,,,,,,17,0,262,10,7,11.0,India,Goa,South Goa
,15.262376677190671,74.01219625860737,,,,,,,,,27,0,195,10,7,11.0,India,Goa,South Goa
,15.262376677190671,74.03016256428977,,,,,,,,,22,0,139,10,7,11.0,India,Goa,South Goa
,15.262376677190671,74.04812886997216,,,,,,,,,12,0,145,10,7,11.0,India,Goa,South Goa
,15.262376677190671,74.06609517565455,,,,,,,,,18,0,314,10,7,11.0,India,Goa,South Goa
,15.262376677190671,74.08406148133695,,,,,,,,,24,0,162,10,7,11.0,India,Goa,South Goa
,15.262376677190671,74.10202778701934,,,,,,,,,14,1,194,10,7,11.0,India,Goa,South Goa
,15.262376677190671,74.11999409270172,,,,,,,,,34,1,244,10,7,11.0,India,Goa,South Goa
,15.262376677190671,74.13796039838411,,,,,,,,,74,1,227,10,7,11.0,India,Goa,South Goa
,15.262376677190671,74.1559267040665,,,,,,,,,73,0,173,10,7,11.0,India,Goa,South Goa
,15.262376677190671,74.1738930097489,,,,,,,,,73,0,180,10,7,11.0,India,Goa,South Goa
,15.262376677190671,74.19185931543129,,,,,,,,,73,1,237,10,7,11.0,India,Goa,South Goa
,15.262376677190671,74.20982562111368,,,,,,,,,133,3,257,10,7,11.0,India,Goa,South Goa
,15.262376677190671,74.22779192679606,,,,,,,,,277,5,265,10,7,11.0,India,Goa,South Goa
,15.262376677190671,74.24575823247845,,,,,,,,,464,6,294,10,7,11.0,India,Goa,South Goa
,15.262376677190671,74.26372453816084,,,,,,,,,638,3,244,10,7,11.0,India,Goa,South Goa
,15.280342982873062,73.92236473019543,,,,,,,,,16,0,240,10,7,11.0,India,Goa,South Goa
,15.280342982873062,73.94033103587782,,,,,,,,,9,0,270,10,7,11.0,India,Goa,South Goa
,15.280342982873062,73.95829734156021,,,,,,,,,30,0,246,10,7,11.0,India,Goa,South Goa
,15.280342982873062,73.9762636472426,,,,,,,,,31,1,206,10,7,11.0,India,Goa,South Goa
,15.280342982873062,73.99422995292498,,,,,,,,,47,0,242,10,7,11.0,India,Goa,South Goa
,15.280342982873062,74.01219625860737,,,,,,,,,42,0,337,10,7,11.0,India,Goa,South Goa
,15.280342982873062,74.03016256428977,,,,,,,,,54,0,59,10,7,11.0,India,Goa,South Goa
,15.280342982873062,74.04812886997216,,,,,,,,,21,1,87,10,7,11.0,India,Goa,South Goa
,15.280342982873062,74.06609517565455,,,,,,,,,10,0,193,10,7,11.0,India,Goa,South Goa
,15.280342982873062,74.08406148133695,,,,,,,,,24,1,215,10,7,11.0,India,Goa,North Goa
,15.280342982873062,74.10202778701934,,,,,,,,,51,1,209,10,7,11.0,India,Goa,North Goa
,15.280342982873062,74.11999409270172,,,,,,,,,57,1,201,10,7,11.0,India,Goa,South Goa
,15.280342982873062,74.13796039838411,,,,,,,,,76,0,213,10,7,11.0,India,Goa,South Goa
,15.280342982873062,74.1559267040665,,,,,,,,,62,0,37,10,7,11.0,India,Goa,South Goa
,15.280342982873062,74.1738930097489,,,,,,,,,59,0,277,10,7,11.0,India,Goa,South Goa
,15.280342982873062,74.19185931543129,,,,,,,,,78,1,269,10,7,11.0,India,Goa,South Goa
,15.280342982873062,74.20982562111368,,,,,,,,,106,1,300,10,7,11.0,India,Goa,South Goa
,15.280342982873062,74.22779192679606,,,,,,,,,164,4,314,10,7,11.0,India,Goa,South Goa
,15.280342982873062,74.24575823247845,,,,,,,,,281,8,299,10,7,11.0,India,Goa,South Goa
,15.280342982873062,74.26372453816084,,,,,,,,,641,7,305,10,7,11.0,India,Goa,South Goa
,15.280342982873062,74.28169084384324,,,,,,,,,689,5,359,10,7,11.0,India,Goa,South Goa
,15.298309288555451,73.92236473019543,,,,,,,,,17,0,314,10,7,11.0,India,Goa,South Goa
,15.298309288555451,73.94033103587782,,,,,,,,,10,0,193,10,7,11.0,India,Goa,South Goa
,15.298309288555451,73.95829734156021,,,,,,,,,22,1,224,10,7,11.0,India,Goa,South Goa
,15.298309288555451,73.9762636472426,,,,,,,,,50,0,187,10,7,11.0,India,Goa,South Goa
,15.298309288555451,73.99422995292498,,,,,,,,,23,1,47,10,7,11.0,India,Goa,South Goa
,15.298309288555451,74.01219625860737,,,,,,,,,10,0,32,10,7,11.0,India,Goa,South Goa
,15.298309288555451,74.03016256428977,,,,,,,,,9,0,0,10,7,11.0,India,Goa,South Goa
,15.298309288555451,74.04812886997216,,,,,,,,,10,1,221,10,7,11.0,India,Goa,South Goa
,15.298309288555451,74.06609517565455,,,,,,,,,31,2,222,10,7,11.0,India,Goa,North Goa
,15.298309288555451,74.08406148133695,,,,,,,,,85,1,218,10,7,11.0,India,Goa,North Goa
,15.298309288555451,74.10202778701934,,,,,,,,,76,1,201,10,7,11.0,India,Goa,South Goa
,15.298309288555451,74.11999409270172,,,,,,,,,102,0,193,10,7,11.0,India,Goa,South Goa
,15.298309288555451,74.13796039838411,,,,,,,,,82,1,75,10,7,11.0,India,Goa,South Goa
,15.298309288555451,74.1559267040665,,,,,,,,,50,0,66,10,7,11.0,India,Goa,South Goa
,15.298309288555451,74.1738930097489,,,,,,,,,71,1,197,10,7,11.0,India,Goa,South Goa
,15.298309288555451,74.19185931543129,,,,,,,,,74,1,192,10,7,11.0,India,Goa,South Goa
,15.298309288555451,74.20982562111368,,,,,,,,,82,0,236,10,7,11.0,India,Goa,South Goa
,15.298309288555451,74.22779192679606,,,,,,,,,100,2,296,10,7,11.0,India,Goa,South Goa
,15.298309288555451,74.24575823247845,,,,,,,,,194,4,301,10,7,11.0,India,Goa,South Goa
,15.298309288555451,74.26372453816084,,,,,,,,,342,6,338,10,7,11.0,India,Goa,South Goa
,15.298309288555451,74.28169084384324,,,,,,,,,356,7,354,10,7,11.0,India,Goa,South Goa
,15.298309288555451,74.29965714952563,,,,,,,,,387,6,346,10,7,11.0,India,Goa,South Goa
,15.298309288555451,74.31762345520802,,,,,,,,,448,5,291,10,7,11.0,India,Goa,South Goa
,15.298309288555451,74.3355897608904,,,,,,,,,728,4,279,10,7,11.0,India,Goa,South Goa
,15.316275594237842,73.90439842451303,,,,,,,,,16,0,255,0,0,0.0,India,Goa,South Goa
,15.316275594237842,73.92236473019543,,,,,,,,,15,0,234,10,7,11.0,India,Goa,South Goa
,15.316275594237842,73.94033103587782,,,,,,,,,32,1,230,10,7,11.0,India,Goa,South Goa
,15.316275594237842,73.95829734156021,,,,,,,,,73,1,186,10,7,11.0,India,Goa,South Goa
,15.316275594237842,73.9762636472426,,,,,,,,,39,1,78,10,7,11.0,India,Goa,South Goa
,15.316275594237842,73.99422995292498,,,,,,,,,8,0,51,10,7,11.0,India,Goa,South Goa
,15.316275594237842,74.01219625860737,,,,,,,,,19,1,244,10,7,11.0,India,Goa,South Goa
,15.316275594237842,74.03016256428977,,,,,,,,,44,1,205,10,7,11.0,India,Goa,North Goa
,15.316275594237842,74.04812886997216,,,,,,,,,47,1,214,10,7,11.0,India,Goa,North Goa
,15.316275594237842,74.06609517565455,,,,,,,,,95,1,213,10,7,11.0,India,Goa,North Goa
,15.316275594237842,74.08406148133695,,,,,,,,,84,0,195,10,7,11.0,India,Goa,North Goa
,15.316275594237842,74.10202778701934,,,,,,,,,97,0,180,10,7,11.0,India,Goa,South Goa
,15.316275594237842,74.11999409270172,,,,,,,,,84,1,40,10,7,11.0,India,Goa,South Goa
,15.316275594237842,74.13796039838411,,,,,,,,,62,1,46,10,7,11.0,India,Goa,South Goa
,15.316275594237842,74.1559267040665,,,,,,,,,57,1,269,10,7,11.0,India,Goa,South Goa
,15.316275594237842,74.1738930097489,,,,,,,,,141,1,270,10,7,11.0,India,Goa,South Goa
,15.316275594237842,74.19185931543129,,,,,,,,,130,0,60,10,7,11.0,India,Goa,South Goa
,15.316275594237842,74.20982562111368,,,,,,,,,124,0,64,10,7,11.0,India,Goa,South Goa
,15.316275594237842,74.22779192679606,,,,,,,,,108,0,343,10,7,11.0,India,Goa,South Goa
,15.316275594237842,74.24575823247845,,,,,,,,,132,2,308,10,7,11.0,India,Goa,South Goa
,15.316275594237842,74.26372453816084,,,,,,,,,231,3,336,10,7,11.0,India,Goa,South Goa
,15.316275594237842,74.28169084384324,,,,,,,,,221,3,355,10,7,11.0,India,Goa,South Goa
,15.316275594237842,74.29965714952563,,,,,,,,,250,4,266,10,7,11.0,India,Goa,South Goa
,15.316275594237842,74.31762345520802,,,,,,,,,519,6,249,10,7,11.0,India,Goa,South Goa
,15.334241899920233,73.90439842451303,,,,,,,,,13,0,282,10,2,0.0,India,Goa,South Goa
,15.334241899920233,73.92236473019543,,,,,,,,,29,1,262,10,7,11.0,India,Goa,South Goa
,15.334241899920233,73.94033103587782,,,,,,,,,60,1,240,10,7,11.0,India,Goa,South Goa
,15.334241899920233,73.95829734156021,,,,,,,,,92,1,137,10,7,11.0,India,Goa,South Goa
,15.334241899920233,73.9762636472426,,,,,,,,,36,1,75,10,7,11.0,India,Goa,South Goa
,15.334241899920233,73.99422995292498,,,,,,,,,6,0,130,10,7,11.0,India,Goa,South Goa
,15.334241899920233,74.01219625860737,,,,,,,,,28,1,239,10,7,11.0,India,Goa,South Goa
,15.334241899920233,74.03016256428977,,,,,,,,,72,2,211,10,7,11.0,India,Goa,North Goa
,15.334241899920233,74.04812886997216,,,,,,,,,88,2,186,10,7,11.0,India,Goa,North Goa
,15.334241899920233,74.06609517565455,,,,,,,,,89,0,192,10,7,11.0,India,Goa,North Goa
,15.334241899920233,74.08406148133695,,,,,,,,,93,0,270,10,7,11.0,India,Goa,North Goa
,15.334241899920233,74.10202778701934,,,,,,,,,94,1,39,10,7,11.0,India,Goa,South Goa
,15.334241899920233,74.11999409270172,,,,,,,,,59,1,48,10,7,11.0,India,Goa,South Goa
,15.334241899920233,74.13796039838411,,,,,,,,,55,0,22,10,7,11.0,India,Goa,South Goa
,15.334241899920233,74.1559267040665,,,,,,,,,51,0,290,10,7,11.0,India,Goa,South Goa
,15.334241899920233,74.1738930097489,,,,,,,,,71,1,351,10,7,11.0,India,Goa,South Goa
,15.334241899920233,74.19185931543129,,,,,,,,,64,1,0,10,7,11.0,India,Goa,South Goa
,15.334241899920233,74.20982562111368,,,,,,,,,71,0,340,10,7,11.0,India,Goa,South Goa
,15.334241899920233,74.22779192679606,,,,,,,,,73,0,313,10,7,11.0,India,Goa,South Goa
,15.334241899920233,74.24575823247845,,,,,,,,,94,1,297,10,7,11.0,India,Goa,South Goa
,15.334241899920233,74.26372453816084,,,,,,,,,132,1,315,10,7,11.0,India,Goa,South Goa
,15.334241899920233,74.28169084384324,,,,,,,,,143,4,283,10,7,11.0,India,Goa,South Goa
,15.334241899920233,74.29965714952563,,,,,,,,,407,7,257,10,7,11.0,India,Goa,South Goa
,15.334241899920233,74.31762345520802,,,,,,,,,600,4,238,10,7,11.0,India,Goa,South Goa
,15.352208205602624,73.7786342847363,,,,,,,,,4,0,108,0,0,0.0,India,Goa,South Goa
,15.352208205602624,73.88643211883064,,,,,,,,,15,1,199,10,2,11.0,India,Goa,South Goa
,15.352208205602624,73.90439842451303,,,,,,,,,11,1,191,10,2,11.0,India,Goa,South Goa
,15.352208205602624,73.92236473019543,,,,,,,,,22,1,245,10,7,11.0,India,Goa,South Goa
,15.352208205602624,73.94033103587782,,,,,,,,,70,1,256,10,7,11.0,India,Goa,South Goa
,15.352208205602624,73.95829734156021,,,,,,,,,100,1,45,10,7,11.0,India,Goa,South Goa
,15.352208205602624,73.9762636472426,,,,,,,,,15,1,75,10,7,11.0,India,Goa,South Goa
,15.352208205602624,73.99422995292498,,,,,,,,,15,1,217,10,7,11.0,India,Goa,South Goa
,15.352208205602624,74.01219625860737,,,,,,,,,60,2,258,10,7,11.0,India,Goa,North Goa
,15.352208205602624,74.03016256428977,,,,,,,,,147,2,258,10,7,11.0,India,Goa,North Goa
,15.352208205602624,74.04812886997216,,,,,,,,,208,1,161,10,7,11.0,India,Goa,North Goa
,15.352208205602624,74.06609517565455,,,,,,,,,119,2,96,10,7,11.0,India,Goa,North Goa
,15.352208205602624,74.08406148133695,,,,,,,,,84,1,59,10,7,11.0,India,Goa,North Goa
,15.352208205602624,74.10202778701934,,,,,,,,,53,1,38,10,7,11.0,India,Goa,North Goa
,15.352208205602624,74.11999409270172,,,,,,,,,47,0,138,10,7,11.0,India,Goa,South Goa
,15.352208205602624,74.13796039838411,,,,,,,,,41,0,205,10,7,11.0,India,Goa,South Goa
,15.352208205602624,74.1559267040665,,,,,,,,,51,0,215,10,7,11.0,India,Goa,South Goa
,15.352208205602624,74.1738930097489,,,,,,,,,60,0,230,10,7,11.0,India,Goa,South Goa
,15.352208205602624,74.19185931543129,,,,,,,,,72,1,218,10,7,11.0,India,Goa,South Goa
,15.352208205602624,74.20982562111368,,,,,,,,,99,0,251,10,7,11.0,India,Goa,South Goa
,15.352208205602624,74.22779192679606,,,,,,,,,86,0,190,10,7,11.0,India,Goa,South Goa
,15.352208205602624,74.24575823247845,,,,,,,,,101,2,240,10,7,11.0,India,Goa,South Goa
,15.352208205602624,74.26372453816084,,,,,,,,,181,3,197,10,7,11.0,India,Goa,South Goa
,15.352208205602624,74.28169084384324,,,,,,,,,157,3,230,10,7,11.0,India,Goa,South Goa
,15.352208205602624,74.29965714952563,,,,,,,,,359,8,277,10,7,11.0,India,Goa,South Goa
,15.352208205602624,74.31762345520802,,,,,,,,,673,5,265,10,7,11.0,India,Goa,South Goa
,15.370174511285013,73.85049950746587,,,,,,,,,34,1,179,10,2,11.0,India,Goa,South Goa
,15.370174511285013,73.88643211883064,,,,,,,,,40,1,207,10,2,11.0,India,Goa,South Goa
,15.370174511285013,73.90439842451303,,,,,,,,,52,0,216,10,2,11.0,India,Goa,South Goa
,15.370174511285013,73.92236473019543,,,,,,,,,58,1,224,10,7,11.0,India,Goa,South Goa
,15.370174511285013,73.94033103587782,,,,,,,,,80,1,29,10,7,11.0,India,Goa,South Goa
,15.370174511285013,73.95829734156021,,,,,,,,,35,1,55,10,7,11.0,India,Goa,South Goa
,15.370174511285013,73.9762636472426,,,,,,,,,12,1,212,10,7,11.0,India,Goa,North Goa
,15.370174511285013,73.99422995292498,,,,,,,,,67,1,228,10,7,11.0,India,Goa,North Goa
,15.370174511285013,74.01219625860737,,,,,,,,,57,1,255,10,7,11.0,India,Goa,North Goa
,15.370174511285013,74.03016256428977,,,,,,,,,104,2,305,10,7,11.0,India,Goa,North Goa
,15.370174511285013,74.04812886997216,,,,,,,,,173,2,1,10,7,11.0,India,Goa,North Goa
,15.370174511285013,74.06609517565455,,,,,,,,,102,2,63,10,7,11.0,India,Goa,North Goa
,15.370174511285013,74.08406148133695,,,,,,,,,52,1,50,10,7,11.0,India,Goa,North Goa
,15.370174511285013,74.10202778701934,,,,,,,,,45,0,280,10,7,11.0,India,Goa,North Goa
,15.370174511285013,74.11999409270172,,,,,,,,,73,0,241,10,7,11.0,India,Goa,South Goa
,15.370174511285013,74.13796039838411,,,,,,,,,64,1,185,10,7,11.0,India,Goa,South Goa
,15.370174511285013,74.1559267040665,,,,,,,,,79,2,191,10,7,11.0,India,Goa,South Goa
,15.370174511285013,74.1738930097489,,,,,,,,,89,1,204,10,7,11.0,India,Goa,South Goa
,15.370174511285013,74.19185931543129,,,,,,,,,115,1,157,10,7,11.0,India,Goa,South Goa
,15.370174511285013,74.20982562111368,,,,,,,,,76,0,76,10,7,11.0,India,Goa,South Goa
,15.370174511285013,74.22779192679606,,,,,,,,,85,1,263,10,7,11.0,India,Goa,South Goa
,15.370174511285013,74.24575823247845,,,,,,,,,151,4,261,10,7,11.0,India,Goa,South Goa
,15.370174511285013,74.26372453816084,,,,,,,,,326,3,220,10,7,11.0,India,Goa,South Goa
,15.370174511285013,74.28169084384324,,,,,,,,,299,6,182,10,7,11.0,India,Goa,South Goa
,15.370174511285013,74.29965714952563,,,,,,,,,338,5,252,10,7,11.0,India,Goa,South Goa
,15.370174511285013,74.31762345520802,,,,,,,,,627,5,300,10,7,11.0,India,Goa,South Goa
,15.388140816967404,73.81456689610108,,,,,,,,,31,1,273,0,0,0.0,India,Goa,South Goa
,15.388140816967404,73.83253320178348,,,,,,,,,46,1,287,0,0,0.0,India,Goa,South Goa
,15.388140816967404,73.85049950746587,,,,,,,,,69,0,310,10,2,11.0,India,Goa,South Goa
,15.388140816967404,73.86846581314826,,,,,,,,,70,0,17,10,2,11.0,India,Goa,South Goa
,15.388140816967404,73.88643211883064,,,,,,,,,62,1,56,10,2,11.0,India,Goa,South Goa
,15.388140816967404,73.90439842451303,,,,,,,,,37,1,13,10,2,11.0,India,Goa,South Goa
,15.388140816967404,73.92236473019543,,,,,,,,,52,1,11,10,7,11.0,India,Goa,South Goa
,15.388140816967404,73.94033103587782,,,,,,,,,27,1,1,10,7,11.0,India,Goa,South Goa
,15.388140816967404,73.9762636472426,,,,,,,,,68,1,189,10,7,11.0,India,Goa,North Goa
,15.388140816967404,73.99422995292498,,,,,,,,,57,0,355,10,7,11.0,India,Goa,North Goa
,15.388140816967404,74.01219625860737,,,,,,,,,70,0,342,10,7,11.0,India,Goa,North Goa
,15.388140816967404,74.03016256428977,,,,,,,,,62,0,24,10,7,11.0,India,Goa,North Goa
,15.388140816967404,74.04812886997216,,,,,,,,,67,2,4,10,7,11.0,India,Goa,North Goa
,15.388140816967404,74.06609517565455,,,,,,,,,54,1,23,10,7,11.0,India,Goa,North Goa
,15.388140816967404,74.08406148133695,,,,,,,,,35,0,25,10,7,11.0,India,Goa,North Goa
,15.388140816967404,74.10202778701934,,,,,,,,,49,2,193,10,7,11.0,India,Goa,South Goa
,15.388140816967404,74.11999409270172,,,,,,,,,58,1,220,10,7,11.0,India,Goa,South Goa
,15.388140816967404,74.13796039838411,,,,,,,,,108,2,257,10,7,11.0,India,Goa,South Goa
,15.388140816967404,74.1559267040665,,,,,,,,,185,1,220,10,7,11.0,India,Goa,South Goa
,15.388140816967404,74.1738930097489,,,,,,,,,144,1,94,10,7,11.0,India,Goa,South Goa
,15.388140816967404,74.19185931543129,,,,,,,,,104,1,68,10,7,11.0,India,Goa,South Goa
,15.388140816967404,74.20982562111368,,,,,,,,,91,0,161,10,7,11.0,India,Goa,South Goa
,15.388140816967404,74.22779192679606,,,,,,,,,95,1,210,10,7,11.0,India,Goa,South Goa
,15.388140816967404,74.24575823247845,,,,,,,,,139,4,269,10,7,11.0,India,Goa,South Goa
,15.388140816967404,74.26372453816084,,,,,,,,,364,7,266,10,7,11.0,India,Goa,South Goa
,15.388140816967404,74.28169084384324,,,,,,,,,590,5,198,10,7,11.0,India,Goa,South Goa
,15.406107122649795,73.79660059041869,,,,,,,,,22,0,68,0,0,0.0,India,Goa,South Goa
,15.406107122649795,73.95829734156021,,,,,,,,,54,1,285,10,7,11.0,India,Goa,North Goa
,15.406107122649795,73.9762636472426,,,,,,,,,51,0,161,10,7,11.0,India,Goa,North Goa
,15.406107122649795,73.99422995292498,,,,,,,,,45,0,154,10,7,11.0,India,Goa,North Goa
,15.406107122649795,74.01219625860737,,,,,,,,,41,1,254,10,7,11.0,India,Goa,North Goa
,15.406107122649795,74.03016256428977,,,,,,,,,97,1,201,10,7,11.0,India,Goa,North Goa
,15.406107122649795,74.04812886997216,,,,,,,,,60,1,62,10,7,11.0,India,Goa,North Goa
,15.406107122649795,74.06609517565455,,,,,,,,,24,0,51,10,7,11.0,India,Goa,North Goa
,15.406107122649795,74.08406148133695,,,,,,,,,41,2,260,10,7,11.0,India,Goa,South Goa
,15.406107122649795,74.10202778701934,,,,,,,,,148,3,208,10,7,11.0,India,Goa,South Goa
,15.406107122649795,74.11999409270172,,,,,,,,,145,1,144,10,7,11.0,India,Goa,South Goa
,15.406107122649795,74.13796039838411,,,,,,,,,94,1,29,10,7,11.0,India,Goa,South Goa
,15.406107122649795,74.1559267040665,,,,,,,,,124,2,359,10,7,11.0,India,Goa,South Goa
,15.406107122649795,74.1738930097489,,,,,,,,,95,1,25,10,7,11.0,India,Goa,South Goa
,15.406107122649795,74.19185931543129,,,,,,,,,93,0,344,10,7,11.0,India,Goa,South Goa
,15.406107122649795,74.20982562111368,,,,,,,,,103,1,249,10,7,11.0,India,Goa,South Goa
,15.406107122649795,74.22779192679606,,,,,,,,,172,1,215,10,7,11.0,India,Goa,South Goa
,15.406107122649795,74.24575823247845,,,,,,,,,154,4,218,10,7,11.0,India,Goa,South Goa
,15.406107122649795,74.26372453816084,,,,,,,,,357,7,259,10,7,11.0,India,Goa,South Goa
,15.406107122649795,74.28169084384324,,,,,,,,,636,5,254,10,7,11.0,India,Goa,South Goa
,15.424073428332186,73.90439842451303,,,,,,,,,4,0,193,10,2,11.0,India,Goa,North Goa
,15.424073428332186,73.92236473019543,,,,,,,,,6,0,275,10,2,11.0,India,Goa,North Goa
,15.424073428332186,73.94033103587782,,,,,,,,,27,1,282,10,2,11.0,India,Goa,South Goa
,15.424073428332186,73.95829734156021,,,,,,,,,41,1,280,10,2,11.0,India,Goa,North Goa
,15.424073428332186,73.9762636472426,,,,,,,,,95,1,263,10,2,11.0,India,Goa,North Goa
,15.424073428332186,73.99422995292498,,,,,,,,,78,1,165,10,2,11.0,India,Goa,North Goa
,15.424073428332186,74.01219625860737,,,,,,,,,85,1,202,10,7,11.0,India,Goa,North Goa
,15.424073428332186,74.03016256428977,,,,,,,,,113,1,62,10,7,11.0,India,Goa,North Goa
,15.424073428332186,74.04812886997216,,,,,,,,,26,1,66,10,7,11.0,India,Goa,North Goa
,15.424073428332186,74.06609517565455,,,,,,,,,38,1,248,10,7,11.0,India,Goa,North Goa
,15.424073428332186,74.08406148133695,,,,,,,,,57,4,244,10,7,11.0,India,Goa,North Goa
,15.424073428332186,74.10202778701934,,,,,,,,,253,1,247,10,7,11.0,India,Goa,North Goa
,15.424073428332186,74.11999409270172,,,,,,,,,136,3,78,10,7,11.0,India,Goa,South Goa
,15.424073428332186,74.13796039838411,,,,,,,,,69,1,57,10,7,11.0,India,Goa,South Goa
,15.424073428332186,74.1559267040665,,,,,,,,,67,1,354,10,7,11.0,India,Goa,South Goa
,15.424073428332186,74.1738930097489,,,,,,,,,75,0,314,10,7,11.0,India,Goa,South Goa
,15.424073428332186,74.19185931543129,,,,,,,,,75,1,277,10,7,11.0,India,Goa,South Goa
,15.424073428332186,74.20982562111368,,,,,,,,,122,1,278,10,7,11.0,India,Goa,South Goa
,15.424073428332186,74.22779192679606,,,,,,,,,171,4,284,10,7,11.0,India,Goa,South Goa
,15.424073428332186,74.24575823247845,,,,,,,,,383,4,268,10,7,11.0,India,Goa,South Goa
,15.424073428332186,74.26372453816084,,,,,,,,,458,4,265,10,7,11.0,India,Goa,South Goa
,15.442039734014575,73.86846581314826,,,,,,,,,6,0,195,10,2,11.0,India,Goa,North Goa
,15.442039734014575,73.88643211883064,,,,,,,,,17,0,229,10,2,11.0,India,Goa,North Goa
,15.442039734014575,73.90439842451303,,,,,,,,,16,1,166,10,2,11.0,India,Goa,North Goa
,15.442039734014575,73.92236473019543,,,,,,,,,4,0,96,10,2,11.0,India,Goa,North Goa
,15.442039734014575,73.94033103587782,,,,,,,,,7,1,302,10,2,11.0,India,Goa,North Goa
,15.442039734014575,73.95829734156021,,,,,,,,,41,1,251,10,2,11.0,India,Goa,North Goa
,15.442039734014575,73.9762636472426,,,,,,,,,56,1,282,10,2,11.0,India,Goa,North Goa
,15.442039734014575,73.99422995292498,,,,,,,,,83,1,248,10,2,11.0,India,Goa,North Goa
,15.442039734014575,74.01219625860737,,,,,,,,,131,1,159,10,7,11.0,India,Goa,North Goa
,15.442039734014575,74.03016256428977,,,,,,,,,64,2,50,10,7,11.0,India,Goa,North Goa
,15.442039734014575,74.04812886997216,,,,,,,,,26,0,98,10,7,11.0,India,Goa,North Goa
,15.442039734014575,74.06609517565455,,,,,,,,,37,2,263,10,7,11.0,India,Goa,North Goa
,15.442039734014575,74.08406148133695,,,,,,,,,148,2,257,10,7,11.0,India,Goa,North Goa
,15.442039734014575,74.10202778701934,,,,,,,,,183,2,17,10,7,11.0,India,Goa,North Goa
,15.442039734014575,74.11999409270172,,,,,,,,,104,2,58,10,7,11.0,India,Goa,North Goa
,15.442039734014575,74.13796039838411,,,,,,,,,48,1,68,10,7,11.0,India,Goa,North Goa
,15.442039734014575,74.1559267040665,,,,,,,,,63,1,274,10,7,11.0,India,Goa,North Goa
,15.442039734014575,74.1738930097489,,,,,,,,,87,0,237,10,7,11.0,India,Goa,North Goa
,15.442039734014575,74.19185931543129,,,,,,,,,87,1,182,10,7,11.0,India,Goa,North Goa
,15.442039734014575,74.20982562111368,,,,,,,,,89,2,191,10,7,11.0,India,Goa,South Goa
,15.442039734014575,74.22779192679606,,,,,,,,,106,2,214,10,7,11.0,India,Goa,South Goa
,15.442039734014575,74.24575823247845,,,,,,,,,165,5,303,10,7,11.0,India,Goa,South Goa
,15.442039734014575,74.26372453816084,,,,,,,,,383,8,262,10,7,11.0,India,Goa,South Goa
,15.442039734014575,74.28169084384324,,,,,,,,,695,4,273,10,7,11.0,India,Goa,South Goa
,15.460006039696966,73.79660059041869,,,,,,,,,13,0,262,10,2,11.0,India,Goa,North Goa
,15.460006039696966,73.81456689610108,,,,,,,,,23,0,248,10,2,11.0,India,Goa,North Goa
,15.460006039696966,73.83253320178348,,,,,,,,,37,0,258,10,2,11.0,India,Goa,North Goa
,15.460006039696966,73.85049950746587,,,,,,,,,46,0,145,10,2,11.0,India,Goa,North Goa
,15.460006039696966,73.86846581314826,,,,,,,,,24,1,150,10,2,11.0,India,Goa,North Goa
,15.460006039696966,73.88643211883064,,,,,,,,,13,1,249,10,2,11.0,India,Goa,North Goa
,15.460006039696966,73.90439842451303,,,,,,,,,59,1,174,10,2,11.0,India,Goa,North Goa
,15.460006039696966,73.92236473019543,,,,,,,,,7,1,96,10,2,11.0,India,Goa,North Goa
,15.460006039696966,73.94033103587782,,,,,,,,,3,1,275,10,2,11.0,India,Goa,North Goa
,15.460006039696966,73.95829734156021,,,,,,,,,59,1,256,10,2,11.0,India,Goa,North Goa
,15.460006039696966,73.9762636472426,,,,,,,,,86,2,202,10,2,11.0,India,Goa,North Goa
,15.460006039696966,73.99422995292498,,,,,,,,,110,2,209,10,2,11.0,India,Goa,North Goa
,15.460006039696966,74.01219625860737,,,,,,,,,136,2,53,10,7,11.0,India,Goa,North Goa
,15.460006039696966,74.03016256428977,,,,,,,,,21,2,76,10,7,11.0,India,Goa,North Goa
,15.460006039696966,74.04812886997216,,,,,,,,,30,1,209,10,7,11.0,India,Goa,North Goa
,15.460006039696966,74.06609517565455,,,,,,,,,53,1,248,10,7,11.0,India,Goa,North Goa
,15.460006039696966,74.08406148133695,,,,,,,,,91,1,322,10,7,11.0,India,Goa,North Goa
,15.460006039696966,74.10202778701934,,,,,,,,,99,2,17,10,7,11.0,India,Goa,North Goa
,15.460006039696966,74.11999409270172,,,,,,,,,47,1,36,10,7,11.0,India,Goa,North Goa
,15.460006039696966,74.13796039838411,,,,,,,,,52,0,289,10,7,11.0,India,Goa,North Goa
,15.460006039696966,74.1559267040665,,,,,,,,,64,1,262,10,7,11.0,India,Goa,North Goa
,15.460006039696966,74.1738930097489,,,,,,,,,91,1,276,10,7,11.0,India,Goa,North Goa
,15.460006039696966,74.19185931543129,,,,,,,,,151,3,233,10,7,11.0,India,Goa,North Goa
,15.460006039696966,74.20982562111368,,,,,,,,,227,6,202,10,7,11.0,India,Goa,South Goa
,15.460006039696966,74.22779192679606,,,,,,,,,288,5,174,10,7,11.0,India,Goa,South Goa
,15.460006039696966,74.24575823247845,,,,,,,,,193,6,223,10,7,11.0,India,Goa,South Goa
,15.460006039696966,74.26372453816084,,,,,,,,,540,8,246,10,7,11.0,India,Goa,South Goa
,15.477972345379357,73.81456689610108,,,,,,,,,10,0,337,10,2,11.0,India,Goa,North Goa
,15.477972345379357,73.83253320178348,,,,,,,,,5,1,329,10,2,11.0,India,Goa,North Goa
,15.477972345379357,73.85049950746587,,,,,,,,,30,1,301,10,2,11.0,India,Goa,North Goa
,15.477972345379357,73.86846581314826,,,,,,,,,65,0,195,10,2,11.0,India,Goa,North Goa
,15.477972345379357,73.88643211883064,,,,,,,,,31,1,188,10,2,11.0,India,Goa,North Goa
,15.477972345379357,73.90439842451303,,,,,,,,,71,0,61,10,2,11.0,India,Goa,North Goa
,15.477972345379357,73.92236473019543,,,,,,,,,10,1,99,10,2,11.0,India,Goa,North Goa
,15.477972345379357,73.94033103587782,,,,,,,,,2,1,266,10,2,11.0,India,Goa,North Goa
,15.477972345379357,73.95829734156021,,,,,,,,,63,3,279,10,2,11.0,India,Goa,North Goa
,15.477972345379357,73.9762636472426,,,,,,,,,189,2,238,10,2,11.0,India,Goa,North Goa
,15.477972345379357,73.99422995292498,,,,,,,,,177,2,76,10,2,11.0,India,Goa,North Goa
,15.477972345379357,74.01219625860737,,,,,,,,,61,3,53,10,7,11.0,India,Goa,North Goa
,15.477972345379357,74.03016256428977,,,,,,,,,36,0,230,10,7,11.0,India,Goa,North Goa
,15.477972345379357,74.04812886997216,,,,,,,,,85,1,222,10,7,11.0,India,Goa,North Goa
,15.477972345379357,74.06609517565455,,,,,,,,,62,1,183,10,7,11.0,India,Goa,North Goa
,15.477972345379357,74.08406148133695,,,,,,,,,87,1,43,10,7,11.0,India,Goa,North Goa
,15.477972345379357,74.10202778701934,,,,,,,,,30,1,43,10,7,11.0,India,Goa,North Goa
,15.477972345379357,74.11999409270172,,,,,,,,,38,0,306,10,7,11.0,India,Goa,North Goa
,15.477972345379357,74.13796039838411,,,,,,,,,42,0,270,10,7,11.0,India,Goa,North Goa
,15.477972345379357,74.1559267040665,,,,,,,,,69,1,272,10,7,11.0,India,Goa,North Goa
,15.477972345379357,74.1738930097489,,,,,,,,,78,2,262,10,7,11.0,India,Goa,North Goa
,15.477972345379357,74.19185931543129,,,,,,,,,193,6,249,10,7,11.0,India,Goa,North Goa
,15.477972345379357,74.20982562111368,,,,,,,,,443,4,263,10,7,11.0,India,Goa,North Goa
,15.477972345379357,74.22779192679606,,,,,,,,,430,1,179,10,7,11.0,India,Goa,North Goa
,15.477972345379357,74.24575823247845,,,,,,,,,442,8,199,10,7,11.0,India,Goa,South Goa
,15.477972345379357,74.26372453816084,,,,,,,,,599,4,247,10,7,11.0,India,Goa,South Goa
,15.495938651061747,73.7786342847363,,,,,,,,,8,0,169,10,2,11.0,India,Goa,North Goa
,15.495938651061747,73.83253320178348,,,,,,,,,3,0,154,10,2,11.0,India,Goa,North Goa
,15.495938651061747,73.85049950746587,,,,,,,,,9,1,314,10,2,11.0,India,Goa,North Goa
,15.495938651061747,73.86846581314826,,,,,,,,,28,1,322,10,2,11.0,India,Goa,North Goa
,15.495938651061747,73.88643211883064,,,,,,,,,55,1,326,10,2,11.0,India,Goa,North Goa
,15.495938651061747,73.90439842451303,,,,,,,,,47,1,30,10,2,11.0,India,Goa,North Goa
,15.495938651061747,73.92236473019543,,,,,,,,,18,1,104,10,2,11.0,India,Goa,North Goa
,15.495938651061747,73.94033103587782,,,,,,,,,7,0,232,10,2,11.0,India,Goa,North Goa
,15.495938651061747,73.95829734156021,,,,,,,,,29,2,285,10,2,11.0,India,Goa,North Goa
,15.495938651061747,73.9762636472426,,,,,,,,,160,2,342,10,2,11.0,India,Goa,North Goa
,15.495938651061747,73.99422995292498,,,,,,,,,77,3,42,10,2,11.0,India,Goa,North Goa
,15.495938651061747,74.01219625860737,,,,,,,,,24,1,58,10,7,11.0,India,Goa,North Goa
,15.495938651061747,74.03016256428977,,,,,,,,,42,1,265,10,7,11.0,India,Goa,North Goa
,15.495938651061747,74.04812886997216,,,,,,,,,60,1,254,10,7,11.0,India,Goa,North Goa
,15.495938651061747,74.06609517565455,,,,,,,,,97,1,175,10,7,11.0,India,Goa,North Goa
,15.495938651061747,74.08406148133695,,,,,,,,,56,1,56,10,7,11.0,India,Goa,North Goa
,15.495938651061747,74.10202778701934,,,,,,,,,44,0,125,10,7,11.0,India,Goa,North Goa
,15.495938651061747,74.11999409270172,,,,,,,,,38,0,263,10,7,11.0,India,Goa,North Goa
,15.495938651061747,74.13796039838411,,,,,,,,,52,0,240,10,7,11.0,India,Goa,North Goa
,15.495938651061747,74.1559267040665,,,,,,,,,63,1,266,10,7,11.0,India,Goa,North Goa
,15.495938651061747,74.1738930097489,,,,,,,,,109,3,264,10,7,11.0,India,Goa,North Goa
,15.495938651061747,74.19185931543129,,,,,,,,,294,2,281,10,7,11.0,India,Goa,North Goa
,15.495938651061747,74.20982562111368,,,,,,,,,258,5,346,10,7,11.0,India,Goa,North Goa
,15.495938651061747,74.22779192679606,,,,,,,,,373,7,289,10,7,11.0,India,Goa,North Goa
,15.495938651061747,74.24575823247845,,,,,,,,,707,4,262,10,7,11.0,India,Goa,North Goa
,15.513904956744136,73.7786342847363,,,,,,,,,11,1,192,10,2,11.0,India,Goa,North Goa
,15.513904956744136,73.79660059041869,,,,,,,,,18,0,215,10,2,11.0,India,Goa,North Goa
,15.513904956744136,73.81456689610108,,,,,,,,,23,0,192,10,2,11.0,India,Goa,North Goa
,15.513904956744136,73.83253320178348,,,,,,,,,24,1,150,10,2,11.0,India,Goa,North Goa
,15.513904956744136,73.85049950746587,,,,,,,,,5,0,93,10,2,11.0,India,Goa,North Goa
,15.513904956744136,73.86846581314826,,,,,,,,,3,0,10,10,2,11.0,India,Goa,North Goa
,15.513904956744136,73.88643211883064,,,,,,,,,2,1,357,10,2,11.0,India,Goa,North Goa
,15.513904956744136,73.90439842451303,,,,,,,,,5,1,334,10,2,11.0,India,Goa,North Goa
,15.513904956744136,73.92236473019543,,,,,,,,,20,0,334,10,2,11.0,India,Goa,North Goa
,15.513904956744136,73.94033103587782,,,,,,,,,11,0,0,10,2,11.0,India,Goa,North Goa
,15.513904956744136,73.95829734156021,,,,,,,,,20,0,298,10,2,11.0,India,Goa,North Goa
,15.513904956744136,73.9762636472426,,,,,,,,,38,2,0,10,2,11.0,India,Goa,North Goa
,15.513904956744136,74.01219625860737,,,,,,,,,38,0,270,10,7,11.0,India,Goa,North Goa
,15.513904956744136,74.03016256428977,,,,,,,,,39,1,258,10,7,11.0,India,Goa,North Goa
,15.513904956744136,74.04812886997216,,,,,,,,,101,1,260,10,7,11.0,India,Goa,North Goa
,15.513904956744136,74.06609517565455,,,,,,,,,108,1,60,10,7,11.0,India,Goa,North Goa
,15.513904956744136,74.08406148133695,,,,,,,,,50,1,96,10,7,11.0,India,Goa,North Goa
,15.513904956744136,74.10202778701934,,,,,,,,,43,1,169,10,7,11.0,India,Goa,North Goa
,15.513904956744136,74.11999409270172,,,,,,,,,39,0,219,10,7,11.0,India,Goa,North Goa
,15.513904956744136,74.13796039838411,,,,,,,,,57,1,287,10,7,11.0,India,Goa,North Goa
,15.513904956744136,74.1559267040665,,,,,,,,,73,1,276,10,7,11.0,India,Goa,North Goa
,15.513904956744136,74.1738930097489,,,,,,,,,105,1,295,10,7,11.0,India,Goa,North Goa
,15.513904956744136,74.19185931543129,,,,,,,,,162,3,357,10,7,11.0,India,Goa,North Goa
,15.513904956744136,74.20982562111368,,,,,,,,,115,3,326,10,7,11.0,India,Goa,North Goa
,15.513904956744136,74.22779192679606,,,,,,,,,267,6,292,10,7,11.0,India,Goa,North Goa
,15.513904956744136,74.24575823247845,,,,,,,,,484,8,323,10,7,11.0,India,Goa,North Goa
,15.513904956744136,74.26372453816084,,,,,,,,,594,5,275,10,7,11.0,India,Goa,North Goa
,15.513904956744136,74.28169084384324,,,,,,,,,789,3,201,10,7,11.0,India,Goa,North Goa
,15.531871262426527,73.76066797905392,,,,,,,,,25,1,264,10,2,11.0,India,Goa,North Goa
,15.531871262426527,73.7786342847363,,,,,,,,,51,0,226,10,2,11.0,India,Goa,North Goa
,15.531871262426527,73.79660059041869,,,,,,,,,29,0,164,10,2,11.0,India,Goa,North Goa
,15.531871262426527,73.81456689610108,,,,,,,,,48,0,201,10,2,11.0,India,Goa,North Goa
,15.531871262426527,73.83253320178348,,,,,,,,,35,1,93,10,2,11.0,India,Goa,North Goa
,15.531871262426527,73.85049950746587,,,,,,,,,10,1,156,10,2,11.0,India,Goa,North Goa
,15.531871262426527,73.86846581314826,,,,,,,,,11,0,173,10,2,11.0,India,Goa,North Goa
,15.531871262426527,73.88643211883064,,,,,,,,,8,0,170,10,2,11.0,India,Goa,North Goa
,15.531871262426527,73.90439842451303,,,,,,,,,8,0,57,10,2,11.0,India,Goa,North Goa
,15.531871262426527,73.92236473019543,,,,,,,,,5,0,170,10,2,11.0,India,Goa,North Goa
,15.531871262426527,73.94033103587782,,,,,,,,,7,0,226,10,2,11.0,India,Goa,North Goa
,15.531871262426527,73.95829734156021,,,,,,,,,14,0,331,10,2,11.0,India,Goa,North Goa
,15.531871262426527,73.9762636472426,,,,,,,,,14,0,343,10,2,11.0,India,Goa,North Goa
,15.531871262426527,73.99422995292498,,,,,,,,,23,0,304,10,2,11.0,India,Goa,North Goa
,15.531871262426527,74.01219625860737,,,,,,,,,24,1,285,10,7,11.0,India,Goa,North Goa
,15.531871262426527,74.03016256428977,,,,,,,,,56,1,270,10,7,11.0,India,Goa,North Goa
,15.531871262426527,74.04812886997216,,,,,,,,,72,1,347,10,7,11.0,India,Goa,North Goa
,15.531871262426527,74.06609517565455,,,,,,,,,67,1,11,10,7,11.0,India,Goa,North Goa
,15.531871262426527,74.08406148133695,,,,,,,,,63,1,200,10,7,11.0,India,Goa,North Goa
,15.531871262426527,74.10202778701934,,,,,,,,,101,2,177,10,7,11.0,India,Goa,North Goa
,15.531871262426527,74.11999409270172,,,,,,,,,56,1,121,10,7,11.0,India,Goa,North Goa
,15.531871262426527,74.13796039838411,,,,,,,,,41,0,349,10,7,11.0,India,Goa,North Goa
,15.531871262426527,74.1559267040665,,,,,,,,,58,0,292,10,7,11.0,India,Goa,North Goa
,15.531871262426527,74.1738930097489,,,,,,,,,65,0,244,10,7,11.0,India,Goa,North Goa
,15.531871262426527,74.19185931543129,,,,,,,,,74,1,338,10,7,11.0,India,Goa,North Goa
,15.531871262426527,74.20982562111368,,,,,,,,,98,2,274,10,7,11.0,India,Goa,North Goa
,15.531871262426527,74.22779192679606,,,,,,,,,217,3,309,10,7,11.0,India,Goa,North Goa
,15.531871262426527,74.24575823247845,,,,,,,,,250,7,307,10,7,11.0,India,Goa,North Goa
,15.531871262426527,74.26372453816084,,,,,,,,,616,10,289,10,7,11.0,India,Goa,North Goa
,15.531871262426527,74.28169084384324,,,,,,,,,870,5,326,10,7,11.0,India,Goa,North Goa
,15.549837568108918,73.76066797905392,,,,,,,,,14,0,308,10,2,11.0,India,Goa,North Goa
,15.549837568108918,73.7786342847363,,,,,,,,,15,1,340,10,2,11.0,India,Goa,North Goa
,15.549837568108918,73.79660059041869,,,,,,,,,29,0,309,10,2,11.0,India,Goa,North Goa
,15.549837568108918,73.81456689610108,,,,,,,,,39,1,5,10,2,11.0,India,Goa,North Goa
,15.549837568108918,73.83253320178348,,,,,,,,,26,1,220,10,2,11.0,India,Goa,North Goa
,15.549837568108918,73.85049950746587,,,,,,,,,61,0,170,10,2,11.0,India,Goa,North Goa
,15.549837568108918,73.86846581314826,,,,,,,,,21,1,86,10,2,11.0,India,Goa,North Goa
,15.549837568108918,73.88643211883064,,,,,,,,,19,0,81,10,2,11.0,India,Goa,North Goa
,15.549837568108918,73.90439842451303,,,,,,,,,3,0,211,10,2,11.0,India,Goa,North Goa
,15.549837568108918,73.92236473019543,,,,,,,,,26,1,202,10,2,11.0,India,Goa,North Goa
,15.549837568108918,73.94033103587782,,,,,,,,,20,1,162,10,2,11.0,India,Goa,North Goa
,15.549837568108918,73.95829734156021,,,,,,,,,7,0,110,10,2,11.0,India,Goa,North Goa
,15.549837568108918,73.9762636472426,,,,,,,,,7,0,206,10,2,11.0,India,Goa,North Goa
,15.549837568108918,73.99422995292498,,,,,,,,,13,0,258,10,2,11.0,India,Goa,North Goa
,15.549837568108918,74.01219625860737,,,,,,,,,29,1,221,10,7,11.0,India,Goa,North Goa
,15.549837568108918,74.03016256428977,,,,,,,,,39,0,238,10,7,11.0,India,Goa,North Goa
,15.549837568108918,74.04812886997216,,,,,,,,,52,0,291,10,7,11.0,India,Goa,North Goa
,15.549837568108918,74.06609517565455,,,,,,,,,59,1,263,10,7,11.0,India,Goa,North Goa
,15.549837568108918,74.08406148133695,,,,,,,,,145,2,229,10,7,11.0,India,Goa,North Goa
,15.549837568108918,74.10202778701934,,,,,,,,,181,1,120,10,7,11.0,India,Goa,North Goa
,15.549837568108918,74.11999409270172,,,,,,,,,77,2,116,10,7,11.0,India,Goa,North Goa
,15.549837568108918,74.13796039838411,,,,,,,,,46,0,130,10,7,11.0,India,Goa,North Goa
,15.549837568108918,74.1559267040665,,,,,,,,,63,1,254,10,7,11.0,India,Goa,North Goa
,15.549837568108918,74.1738930097489,,,,,,,,,113,1,190,10,7,11.0,India,Goa,North Goa
,15.549837568108918,74.19185931543129,,,,,,,,,79,1,171,10,7,11.0,India,Goa,North Goa
,15.549837568108918,74.20982562111368,,,,,,,,,105,1,277,10,7,11.0,India,Goa,North Goa
,15.549837568108918,74.22779192679606,,,,,,,,,138,1,312,10,7,11.0,India,Goa,North Goa
,15.549837568108918,74.24575823247845,,,,,,,,,175,4,269,10,7,11.0,India,Goa,North Goa
,15.549837568108918,74.26372453816084,,,,,,,,,378,8,321,10,7,11.0,India,Goa,North Goa
,15.567803873791307,73.74270167337153,,,,,,,,,18,0,248,0,0,0.0,India,Goa,North Goa
,15.567803873791307,73.76066797905392,,,,,,,,,17,1,166,10,2,11.0,India,Goa,North Goa
,15.567803873791307,73.7786342847363,,,,,,,,,9,0,90,10,2,11.0,India,Goa,North Goa
,15.567803873791307,73.79660059041869,,,,,,,,,9,0,357,10,2,11.0,India,Goa,North Goa
,15.567803873791307,73.81456689610108,,,,,,,,,10,1,293,10,2,11.0,India,Goa,North Goa
,15.567803873791307,73.83253320178348,,,,,,,,,62,0,272,10,2,11.0,India,Goa,North Goa
,15.567803873791307,73.85049950746587,,,,,,,,,40,1,63,10,2,11.0,India,Goa,North Goa
,15.567803873791307,73.86846581314826,,,,,,,,,8,1,78,10,2,11.0,India,Goa,North Goa
,15.567803873791307,73.88643211883064,,,,,,,,,5,0,311,10,2,11.0,India,Goa,North Goa
,15.567803873791307,73.90439842451303,,,,,,,,,20,1,253,10,2,11.0,India,Goa,North Goa
,15.567803873791307,73.92236473019543,,,,,,,,,48,1,255,10,2,11.0,India,Goa,North Goa
,15.567803873791307,73.94033103587782,,,,,,,,,67,0,107,10,2,11.0,India,Goa,North Goa
,15.567803873791307,73.95829734156021,,,,,,,,,19,1,117,10,2,11.0,India,Goa,North Goa
,15.567803873791307,73.9762636472426,,,,,,,,,27,1,190,10,2,11.0,India,Goa,North Goa
,15.567803873791307,73.99422995292498,,,,,,,,,28,1,202,10,2,11.0,India,Goa,North Goa
,15.567803873791307,74.01219625860737,,,,,,,,,55,1,251,10,7,11.0,India,Goa,North Goa
,15.567803873791307,74.03016256428977,,,,,,,,,71,0,233,10,7,11.0,India,Goa,North Goa
,15.567803873791307,74.04812886997216,,,,,,,,,64,0,223,10,7,11.0,India,Goa,North Goa
,15.567803873791307,74.06609517565455,,,,,,,,,79,4,205,10,7,11.0,India,Goa,North Goa
,15.567803873791307,74.08406148133695,,,,,,,,,173,3,198,10,7,11.0,India,Goa,North Goa
,15.567803873791307,74.10202778701934,,,,,,,,,142,3,166,10,7,11.0,India,Goa,North Goa
,15.567803873791307,74.11999409270172,,,,,,,,,124,2,147,10,7,11.0,India,Goa,North Goa
,15.567803873791307,74.13796039838411,,,,,,,,,53,1,107,10,7,11.0,India,Goa,North Goa
,15.567803873791307,74.1559267040665,,,,,,,,,78,2,258,10,7,11.0,India,Goa,North Goa
,15.567803873791307,74.1738930097489,,,,,,,,,157,1,218,10,7,11.0,India,Goa,North Goa
,15.567803873791307,74.19185931543129,,,,,,,,,126,1,127,10,7,11.0,India,Goa,North Goa
,15.567803873791307,74.20982562111368,,,,,,,,,91,0,266,10,7,11.0,India,Goa,North Goa
,15.567803873791307,74.22779192679606,,,,,,,,,152,2,264,10,7,11.0,India,Goa,North Goa
,15.567803873791307,74.24575823247845,,,,,,,,,254,1,205,10,7,11.0,India,Goa,North Goa
,15.585770179473698,73.74270167337153,,,,,,,,,12,1,265,0,0,0.0,India,Goa,North Goa
,15.585770179473698,73.76066797905392,,,,,,,,,51,0,190,10,2,11.0,India,Goa,North Goa
,15.585770179473698,73.7786342847363,,,,,,,,,15,1,137,10,2,11.0,India,Goa,North Goa
,15.585770179473698,73.79660059041869,,,,,,,,,11,1,181,10,2,11.0,India,Goa,North Goa
,15.585770179473698,73.81456689610108,,,,,,,,,16,0,241,10,2,11.0,India,Goa,North Goa
,15.585770179473698,73.83253320178348,,,,,,,,,25,1,341,10,2,11.0,India,Goa,North Goa
,15.585770179473698,73.85049950746587,,,,,,,,,33,0,23,10,2,11.0,India,Goa,North Goa
,15.585770179473698,73.86846581314826,,,,,,,,,13,0,92,10,2,11.0,India,Goa,North Goa
,15.585770179473698,73.88643211883064,,,,,,,,,8,0,220,10,2,11.0,India,Goa,North Goa
,15.585770179473698,73.90439842451303,,,,,,,,,17,1,214,10,2,11.0,India,Goa,North Goa
,15.585770179473698,73.92236473019543,,,,,,,,,39,0,226,10,2,11.0,India,Goa,North Goa
,15.585770179473698,73.94033103587782,,,,,,,,,29,1,15,10,2,11.0,India,Goa,North Goa
,15.585770179473698,73.95829734156021,,,,,,,,,28,1,243,10,2,11.0,India,Goa,North Goa
,15.585770179473698,73.9762636472426,,,,,,,,,61,1,244,10,2,11.0,India,Goa,North Goa
,15.585770179473698,73.99422995292498,,,,,,,,,86,0,142,10,2,11.0,India,Goa,North Goa
,15.585770179473698,74.01219625860737,,,,,,,,,44,1,73,10,7,11.0,India,Goa,North Goa
,15.585770179473698,74.03016256428977,,,,,,,,,46,1,334,10,7,11.0,India,Goa,North Goa
,15.585770179473698,74.04812886997216,,,,,,,,,61,4,273,10,7,11.0,India,Goa,North Goa
,15.585770179473698,74.06609517565455,,,,,,,,,305,4,260,10,7,11.0,India,Goa,North Goa
,15.585770179473698,74.08406148133695,,,,,,,,,352,4,200,10,7,11.0,India,Goa,North Goa
,15.585770179473698,74.10202778701934,,,,,,,,,386,5,157,10,7,11.0,India,Goa,North Goa
,15.585770179473698,74.11999409270172,,,,,,,,,220,5,104,10,7,11.0,India,Goa,North Goa
,15.585770179473698,74.13796039838411,,,,,,,,,61,2,97,10,7,11.0,India,Goa,North Goa
,15.585770179473698,74.1559267040665,,,,,,,,,86,2,256,10,7,11.0,India,Goa,North Goa
,15.585770179473698,74.1738930097489,,,,,,,,,177,1,225,10,7,11.0,India,Goa,North Goa
,15.585770179473698,74.19185931543129,,,,,,,,,131,1,112,10,7,11.0,India,Goa,North Goa
,15.585770179473698,74.20982562111368,,,,,,,,,107,1,218,10,7,11.0,India,Goa,North Goa
,15.585770179473698,74.22779192679606,,,,,,,,,157,2,251,10,7,11.0,India,Goa,North Goa
,15.585770179473698,74.24575823247845,,,,,,,,,247,5,235,10,7,11.0,India,Goa,North Goa
,15.60373648515609,73.74270167337153,,,,,,,,,22,0,273,0,0,0.0,India,Goa,North Goa
,15.60373648515609,73.76066797905392,,,,,,,,,35,1,312,10,2,11.0,India,Goa,North Goa
,15.60373648515609,73.7786342847363,,,,,,,,,53,0,239,10,2,11.0,India,Goa,North Goa
,15.60373648515609,73.79660059041869,,,,,,,,,59,1,122,10,2,11.0,India,Goa,North Goa
,15.60373648515609,73.81456689610108,,,,,,,,,18,1,103,10,2,11.0,India,Goa,North Goa
,15.60373648515609,73.83253320178348,,,,,,,,,12,0,42,10,2,11.0,India,Goa,North Goa
,15.60373648515609,73.85049950746587,,,,,,,,,11,0,10,10,2,11.0,India,Goa,North Goa
,15.60373648515609,73.86846581314826,,,,,,,,,9,0,46,10,2,11.0,India,Goa,North Goa
,15.60373648515609,73.88643211883064,,,,,,,,,10,1,255,10,2,11.0,India,Goa,North Goa
,15.60373648515609,73.90439842451303,,,,,,,,,67,1,257,10,2,11.0,India,Goa,North Goa
,15.60373648515609,73.92236473019543,,,,,,,,,60,1,103,10,2,11.0,India,Goa,North Goa
,15.60373648515609,73.94033103587782,,,,,,,,,25,1,153,10,2,11.0,India,Goa,North Goa
,15.60373648515609,73.95829734156021,,,,,,,,,36,1,223,10,2,11.0,India,Goa,North Goa
,15.60373648515609,73.9762636472426,,,,,,,,,56,0,270,10,2,11.0,India,Goa,North Goa
,15.60373648515609,73.99422995292498,,,,,,,,,51,1,18,10,2,11.0,India,Goa,North Goa
,15.60373648515609,74.01219625860737,,,,,,,,,42,0,80,10,7,11.0,India,Goa,North Goa
,15.60373648515609,74.03016256428977,,,,,,,,,35,0,259,10,7,11.0,India,Goa,North Goa
,15.60373648515609,74.04812886997216,,,,,,,,,52,1,280,10,7,11.0,India,Goa,North Goa
,15.60373648515609,74.06609517565455,,,,,,,,,131,6,300,10,7,11.0,India,Goa,North Goa
,15.60373648515609,74.08406148133695,,,,,,,,,401,6,299,10,7,11.0,India,Goa,North Goa
,15.60373648515609,74.10202778701934,,,,,,,,,463,4,42,10,7,11.0,India,Goa,North Goa
,15.60373648515609,74.11999409270172,,,,,,,,,208,6,88,10,7,11.0,India,Goa,North Goa
,15.60373648515609,74.13796039838411,,,,,,,,,70,2,109,10,7,11.0,India,Goa,North Goa
,15.60373648515609,74.1559267040665,,,,,,,,,109,2,254,10,7,11.0,India,Goa,North Goa
,15.60373648515609,74.1738930097489,,,,,,,,,204,1,246,10,7,11.0,India,Goa,North Goa
,15.60373648515609,74.19185931543129,,,,,,,,,155,2,148,10,7,11.0,India,Goa,North Goa
,15.60373648515609,74.20982562111368,,,,,,,,,125,1,217,10,7,11.0,India,Goa,North Goa
,15.60373648515609,74.22779192679606,,,,,,,,,201,5,246,10,7,11.0,India,Goa,North Goa
,15.60373648515609,74.24575823247845,,,,,,,,,443,8,235,10,7,11.0,India,Goa,North Goa
,15.60373648515609,74.26372453816084,,,,,,,,,620,5,166,10,7,13.0,India,Goa,North Goa
,15.62170279083848,73.76066797905392,,,,,,,,,22,0,325,10,2,11.0,India,Goa,North Goa
,15.62170279083848,73.7786342847363,,,,,,,,,30,0,270,10,2,11.0,India,Goa,North Goa
,15.62170279083848,73.79660059041869,,,,,,,,,34,0,16,10,2,11.0,India,Goa,North Goa
,15.62170279083848,73.81456689610108,,,,,,,,,27,0,134,10,2,11.0,India,Goa,North Goa
,15.62170279083848,73.83253320178348,,,,,,,,,17,0,129,10,2,11.0,India,Goa,North Goa
,15.62170279083848,73.85049950746587,,,,,,,,,15,0,147,10,2,11.0,India,Goa,North Goa
,15.62170279083848,73.86846581314826,,,,,,,,,12,1,191,10,2,11.0,India,Goa,North Goa
,15.62170279083848,73.88643211883064,,,,,,,,,24,1,194,10,2,11.0,India,Goa,North Goa
,15.62170279083848,73.90439842451303,,,,,,,,,29,1,326,10,2,11.0,India,Goa,North Goa
,15.62170279083848,73.92236473019543,,,,,,,,,49,1,293,10,2,11.0,India,Goa,North Goa
,15.62170279083848,73.94033103587782,,,,,,,,,77,0,219,10,2,11.0,India,Goa,North Goa
,15.62170279083848,73.95829734156021,,,,,,,,,63,0,121,10,2,11.0,India,Goa,North Goa
,15.62170279083848,73.9762636472426,,,,,,,,,61,0,119,10,2,11.0,India,Goa,North Goa
,15.62170279083848,74.04812886997216,,,,,,,,,43,1,210,10,7,11.0,India,Goa,North Goa
,15.62170279083848,74.06609517565455,,,,,,,,,94,2,271,10,7,11.0,India,Goa,North Goa
,15.62170279083848,74.08406148133695,,,,,,,,,157,3,341,10,7,11.0,India,Goa,North Goa
,15.62170279083848,74.10202778701934,,,,,,,,,161,3,346,10,7,11.0,India,Goa,North Goa
,15.62170279083848,74.11999409270172,,,,,,,,,203,1,132,10,7,11.0,India,Goa,North Goa
,15.62170279083848,74.13796039838411,,,,,,,,,96,2,149,10,7,11.0,India,Goa,North Goa
,15.62170279083848,74.1559267040665,,,,,,,,,126,2,225,10,7,11.0,India,Goa,North Goa
,15.62170279083848,74.1738930097489,,,,,,,,,198,3,229,10,7,11.0,India,Goa,North Goa
,15.62170279083848,74.19185931543129,,,,,,,,,263,2,169,10,7,11.0,India,Goa,North Goa
,15.62170279083848,74.20982562111368,,,,,,,,,171,3,192,10,7,11.0,India,Goa,North Goa
,15.62170279083848,74.22779192679606,,,,,,,,,307,6,257,10,7,11.0,India,Goa,North Goa
,15.62170279083848,74.24575823247845,,,,,,,,,546,8,245,10,7,11.0,India,Goa,North Goa
,15.63966909652087,73.72473536768914,,,,,,,,,23,1,207,0,0,0.0,India,Goa,North Goa
,15.63966909652087,73.74270167337153,,,,,,,,,28,1,161,0,0,0.0,India,Goa,North Goa
,15.63966909652087,73.76066797905392,,,,,,,,,7,0,285,10,2,11.0,India,Goa,North Goa
,15.63966909652087,73.7786342847363,,,,,,,,,53,1,293,10,2,11.0,India,Goa,North Goa
,15.63966909652087,73.79660059041869,,,,,,,,,48,0,39,10,2,11.0,India,Goa,North Goa
,15.63966909652087,73.81456689610108,,,,,,,,,35,0,58,10,2,11.0,India,Goa,North Goa
,15.63966909652087,73.83253320178348,,,,,,,,,22,0,73,10,2,11.0,India,Goa,North Goa
,15.63966909652087,73.85049950746587,,,,,,,,,19,1,251,10,2,11.0,India,Goa,North Goa
,15.63966909652087,73.86846581314826,,,,,,,,,59,1,227,10,2,11.0,India,Goa,North Goa
,15.63966909652087,73.88643211883064,,,,,,,,,81,1,128,10,2,11.0,India,Goa,North Goa
,15.63966909652087,73.90439842451303,,,,,,,,,29,1,108,10,2,11.0,India,Goa,North Goa
,15.63966909652087,73.92236473019543,,,,,,,,,39,0,270,10,2,11.0,India,Goa,North Goa
,15.63966909652087,73.94033103587782,,,,,,,,,43,1,350,10,2,11.0,India,Goa,North Goa
,15.63966909652087,73.95829734156021,,,,,,,,,46,0,272,10,2,11.0,India,Goa,North Goa
,15.63966909652087,74.11999409270172,,,,,,,,,268,7,172,10,7,11.0,India,Goa,North Goa
,15.63966909652087,74.13796039838411,,,,,,,,,202,8,175,10,7,11.0,India,Goa,North Goa
,15.63966909652087,74.1559267040665,,,,,,,,,216,8,194,10,7,11.0,India,Goa,North Goa
,15.63966909652087,74.1738930097489,,,,,,,,,328,6,193,10,7,11.0,India,Goa,North Goa
,15.63966909652087,74.19185931543129,,,,,,,,,306,3,186,10,7,11.0,India,Goa,North Goa
,15.63966909652087,74.20982562111368,,,,,,,,,347,7,178,10,7,11.0,India,Goa,North Goa
,15.63966909652087,74.22779192679606,,,,,,,,,292,5,254,10,7,11.0,India,Goa,North Goa
,15.63966909652087,74.24575823247845,,,,,,,,,670,8,254,10,7,11.0,India,Goa,North Goa
,15.65763540220326,73.72473536768914,,,,,,,,,55,1,257,0,0,0.0,India,Goa,North Goa
,15.65763540220326,73.74270167337153,,,,,,,,,59,1,100,0,0,0.0,India,Goa,North Goa
,15.65763540220326,73.76066797905392,,,,,,,,,15,1,141,10,2,11.0,India,Goa,North Goa
,15.65763540220326,73.7786342847363,,,,,,,,,12,0,10,10,2,11.0,India,Goa,North Goa
,15.65763540220326,73.79660059041869,,,,,,,,,11,0,6,10,2,11.0,India,Goa,North Goa
,15.65763540220326,73.81456689610108,,,,,,,,,10,0,355,10,2,11.0,India,Goa,North Goa
,15.65763540220326,73.83253320178348,,,,,,,,,12,0,288,10,2,11.0,India,Goa,North Goa
,15.65763540220326,73.85049950746587,,,,,,,,,28,1,270,10,2,11.0,India,Goa,North Goa
,15.65763540220326,73.86846581314826,,,,,,,,,73,0,293,10,2,11.0,India,Goa,North Goa
,15.65763540220326,73.88643211883064,,,,,,,,,48,1,37,10,2,11.0,India,Goa,North Goa
,15.65763540220326,73.90439842451303,,,,,,,,,43,0,182,10,2,11.0,India,Goa,North Goa
,15.65763540220326,73.92236473019543,,,,,,,,,49,0,158,10,2,11.0,India,Goa,North Goa
,15.65763540220326,73.94033103587782,,,,,,,,,34,0,301,10,2,11.0,India,Goa,North Goa
,15.65763540220326,73.95829734156021,,,,,,,,,62,1,266,10,2,11.0,India,Goa,North Goa
,15.65763540220326,74.19185931543129,,,,,,,,,451,7,183,10,7,11.0,India,Goa,North Goa
,15.65763540220326,74.20982562111368,,,,,,,,,635,6,174,10,7,11.0,India,Goa,North Goa
,15.65763540220326,74.22779192679606,,,,,,,,,406,7,187,10,7,11.0,India,Goa,North Goa
,15.65763540220326,74.24575823247845,,,,,,,,,692,7,246,10,7,11.0,India,Goa,North Goa
,15.67560170788565,73.70676906200674,,,,,,,,,25,1,258,10,2,11.0,India,Goa,North Goa
,15.67560170788565,73.72473536768914,,,,,,,,,33,0,314,10,2,11.0,India,Goa,North Goa
,15.67560170788565,73.74270167337153,,,,,,,,,35,1,273,10,2,11.0,India,Goa,North Goa
,15.67560170788565,73.76066797905392,,,,,,,,,68,0,167,10,2,11.0,India,Goa,North Goa
,15.67560170788565,73.7786342847363,,,,,,,,,29,1,121,10,2,11.0,India,Goa,North Goa
,15.67560170788565,73.79660059041869,,,,,,,,,29,1,174,10,2,11.0,India,Goa,North Goa
,15.67560170788565,73.81456689610108,,,,,,,,,23,0,145,10,2,11.0,India,Goa,North Goa
,15.67560170788565,73.83253320178348,,,,,,,,,16,0,163,10,2,11.0,India,Goa,North Goa
,15.67560170788565,73.85049950746587,,,,,,,,,19,1,253,10,7,11.0,India,Goa,North Goa
,15.67560170788565,73.86846581314826,,,,,,,,,50,1,335,10,7,11.0,India,Goa,North Goa
,15.67560170788565,73.88643211883064,,,,,,,,,40,0,314,10,7,11.0,India,Goa,North Goa
,15.67560170788565,73.90439842451303,,,,,,,,,61,0,237,10,7,11.0,India,Goa,North Goa
,15.67560170788565,73.92236473019543,,,,,,,,,62,0,56,10,7,11.0,India,Goa,North Goa
,15.67560170788565,73.94033103587782,,,,,,,,,35,0,51,10,7,11.0,India,Goa,North Goa
,15.67560170788565,73.95829734156021,,,,,,,,,50,1,331,10,7,11.0,India,Goa,North Goa
,15.67560170788565,74.19185931543129,,,,,,,,,769,5,197,10,7,13.0,India,Goa,North Goa
,15.693568013568042,73.70676906200674,,,,,,,,,23,1,235,10,2,11.0,India,Goa,North Goa
,15.693568013568042,73.72473536768914,,,,,,,,,45,1,242,10,2,11.0,India,Goa,North Goa
,15.693568013568042,73.74270167337153,,,,,,,,,57,0,123,10,2,11.0,India,Goa,North Goa
,15.693568013568042,73.76066797905392,,,,,,,,,42,0,61,10,2,11.0,India,Goa,North Goa
,15.693568013568042,73.7786342847363,,,,,,,,,36,1,200,10,2,11.0,India,Goa,North Goa
,15.693568013568042,73.79660059041869,,,,,,,,,69,1,172,10,2,11.0,India,Goa,North Goa
,15.693568013568042,73.81456689610108,,,,,,,,,29,1,115,10,2,11.0,India,Goa,North Goa
,15.693568013568042,73.83253320178348,,,,,,,,,26,1,190,10,2,11.0,India,Goa,North Goa
,15.693568013568042,73.85049950746587,,,,,,,,,39,0,182,10,7,11.0,India,Goa,North Goa
,15.693568013568042,73.86846581314826,,,,,,,,,27,0,10,10,7,11.0,India,Goa,North Goa
,15.693568013568042,73.88643211883064,,,,,,,,,37,1,304,10,7,11.0,India,Goa,North Goa
,15.693568013568042,73.90439842451303,,,,,,,,,58,0,90,10,7,11.0,India,Goa,North Goa
,15.693568013568042,73.92236473019543,,,,,,,,,31,1,68,10,7,11.0,India,Goa,North Goa
,15.693568013568042,73.94033103587782,,,,,,,,,24,0,16,10,7,11.0,India,Goa,North Goa
,15.693568013568042,73.95829734156021,,,,,,,,,26,0,325,10,7,11.0,India,Goa,North Goa
,15.71153431925043,73.70676906200674,,,,,,,,,51,0,275,10,2,11.0,India,Goa,North Goa
,15.71153431925043,73.72473536768914,,,,,,,,,52,1,20,10,2,11.0,India,Goa,North Goa
,15.71153431925043,73.74270167337153,,,,,,,,,37,0,349,10,2,11.0,India,Goa,North Goa
,15.71153431925043,73.76066797905392,,,,,,,,,56,1,242,10,2,11.0,India,Goa,North Goa
,15.71153431925043,73.7786342847363,,,,,,,,,107,0,272,10,2,11.0,India,Goa,North Goa
,15.71153431925043,73.79660059041869,,,,,,,,,84,1,80,10,2,11.0,India,Goa,North Goa
,15.71153431925043,73.81456689610108,,,,,,,,,44,0,166,10,2,11.0,India,Goa,North Goa
,15.71153431925043,73.83253320178348,,,,,,,,,76,0,189,10,2,11.0,India,Goa,North Goa
,15.71153431925043,73.85049950746587,,,,,,,,,49,1,150,10,7,11.0,India,Goa,North Goa
,15.71153431925043,73.86846581314826,,,,,,,,,38,1,160,10,7,11.0,India,Goa,North Goa
,15.71153431925043,73.88643211883064,,,,,,,,,18,0,258,10,7,11.0,India,Goa,North Goa
,15.71153431925043,73.90439842451303,,,,,,,,,61,0,266,10,7,11.0,India,Goa,North Goa
,15.71153431925043,73.92236473019543,,,,,,,,,48,1,120,10,7,11.0,India,Goa,North Goa
,15.71153431925043,73.94033103587782,,,,,,,,,17,0,83,10,7,11.0,India,Goa,North Goa
,15.71153431925043,73.95829734156021,,,,,,,,,26,0,260,10,7,11.0,India,Goa,North Goa
,15.729500624932822,73.76066797905392,,,,,,,,,81,0,180,10,2,11.0,India,Goa,North Goa
,15.729500624932822,73.81456689610108,,,,,,,,,62,0,353,10,2,11.0,India,Goa,North Goa
,15.729500624932822,73.83253320178348,,,,,,,,,60,1,238,10,2,11.0,India,Goa,North Goa
,15.729500624932822,73.85049950746587,,,,,,,,,108,2,209,10,7,11.0,India,Goa,North Goa
,15.729500624932822,73.86846581314826,,,,,,,,,117,2,151,10,7,11.0,India,Goa,North Goa
,15.729500624932822,73.88643211883064,,,,,,,,,42,1,112,10,7,11.0,India,Goa,North Goa
,15.729500624932822,73.90439842451303,,,,,,,,,60,1,335,10,7,11.0,India,Goa,North Goa
,15.729500624932822,73.92236473019543,,,,,,,,,57,1,104,10,7,11.0,India,Goa,North Goa
,15.729500624932822,73.94033103587782,,,,,,,,,21,1,155,10,7,11.0,India,Goa,North Goa
,15.747466930615213,73.85049950746587,,,,,,,,,154,1,312,10,7,11.0,India,Goa,North Goa
,15.747466930615213,73.86846581314826,,,,,,,,,161,2,65,10,7,11.0,India,Goa,North Goa
,15.765433236297604,73.85049950746587,,,,,,,,,56,2,341,10,7,11.0,India,Goa,North Goa
,15.765433236297604,73.86846581314826,,,,,,,,,62,1,353,10,7,11.0,India,Goa,North Goa
,15.783399541979993,73.86846581314826,,,,,,,,,65,1,235,10,7,11.0,India,Goa,North Goa
