Unnamed: 0	district_id	predicted_2001	predicted_2003	predicted_2005	predicted_2007	predicted_2009	predicted_2011	slope	intercept	rvalue	pvalue	stderr	doubtfulMask	unsureDoubtfulMask	sureDoubtfulNegativeMask
0	1	1	3	1	1	1	1	-0.17142857142857143	1.9333333333333331	-0.39279220242478624	0.4411128091213043	0.20067911910195696	1	1	0
1	2	3	3	1	1	1	1	-0.45714285714285713	3.2666666666666666	-0.828078671210825	0.041794680456045286	0.15474358865973262	1	0	1
2	3	3	3	3	3	3	3	0.0	3.0	0.0	1.0	0.0	0	0	0
3	4	1	3	1	2	2	3	0.22857142857142856	1.2000000000000002	0.47809144373375745	0.33750185654036463	0.20995626366712955	1	1	0
4	5	1	2	3	2	3	1	0.05714285714285714	1.8	0.11952286093343936	0.8215694433207941	0.23733211036908786	1	1	0
5	6	3	2	3	3	2	1	-0.2857142857142857	3.3333333333333335	-0.6546536707079771	0.15830242337545797	0.16495721976846453	1	0	1
6	7	1	3	3	3	3	1	1.2688263138573217e-17	2.3333333333333335	2.298380017448157e-17	1.0	0.2760262237369417	1	1	0
7	8	1	3	1	1	1	1	-0.17142857142857143	1.9333333333333331	-0.39279220242478624	0.4411128091213043	0.20067911910195696	1	1	0
8	9	1	3	3	1	3	1	-0.05714285714285714	2.2	-0.09759000729485331	0.8540797033781717	0.29137254363387344	1	1	0
9	10	3	3	3	3	3	3	0.0	3.0	0.0	1.0	0.0	0	0	0
10	11	3	3	3	3	3	3	0.0	3.0	0.0	1.0	0.0	0	0	0
11	12	3	3	1	1	3	1	-0.2857142857142857	3.0	-0.48795003647426655	0.3261642353450604	0.25555062599997597	1	1	0
12	13	3	3	3	3	3	1	-0.2857142857142857	3.6666666666666665	-0.6546536707079771	0.15830242337545797	0.16495721976846453	1	0	1
13	14	3	3	1	1	1	1	-0.45714285714285713	3.2666666666666666	-0.828078671210825	0.041794680456045286	0.15474358865973262	1	0	1
14	15	3	3	3	3	3	1	-0.2857142857142857	3.6666666666666665	-0.6546536707079771	0.15830242337545797	0.16495721976846453	1	0	1
15	16	3	1	1	3	3	1	-0.05714285714285714	2.2	-0.09759000729485331	0.8540797033781717	0.29137254363387344	1	1	0
16	17	1	3	1	3	1	1	-0.11428571428571428	2.066666666666667	-0.20701966780270625	0.6939066340345699	0.2700466072144348	1	1	0
17	18	3	1	1	1	3	1	-0.11428571428571428	2.066666666666667	-0.20701966780270625	0.6939066340345699	0.2700466072144348	1	1	0
18	19	1	3	1	3	2	1	-0.028571428571428577	1.9333333333333333	-0.05436602822195624	0.9185313015511375	0.26238052026582687	1	1	0
19	20	1	3	1	3	1	2	0.02857142857142857	1.7333333333333332	0.05436602822195623	0.9185313015511375	0.26238052026582687	1	1	0
20	21	3	3	3	3	3	3	0.0	3.0	0.0	1.0	0.0	0	0	0
21	22	3	3	3	3	3	3	0.0	3.0	0.0	1.0	0.0	0	0	0
22	23	2	2	2	3	2	2	0.02857142857142857	2.0666666666666664	0.13093073414159542	0.8047261622231062	0.10816968277714806	1	0	0
23	24	2	3	3	3	3	3	0.14285714285714285	2.3333333333333335	0.6546536707079772	0.15830242337545783	0.08247860988423224	0	0	0
24	25	3	3	1	1	1	2	-0.3142857142857143	2.9333333333333336	-0.5980263104415185	0.2098982440373629	0.21060327988091412	1	1	0
25	26	2	3	2	2	2	2	-0.08571428571428572	2.4666666666666663	-0.39279220242478635	0.4411128091213043	0.10033955955097845	1	0	1
26	27	2	3	2	2	2	2	-0.08571428571428572	2.4666666666666663	-0.39279220242478635	0.4411128091213043	0.10033955955097845	1	0	1
27	28	3	3	1	1	1	2	-0.3142857142857143	2.9333333333333336	-0.5980263104415185	0.2098982440373629	0.21060327988091412	1	1	0
28	29	1	3	3	3	3	3	0.2857142857142857	1.6666666666666665	0.6546536707079772	0.15830242337545783	0.1649572197684645	0	0	0
29	30	3	3	1	3	3	2	-0.08571428571428572	2.8	-0.191662969499982	0.7160258860061492	0.2194613070819602	1	1	0
30	31	1	3	2	2	3	2	0.14285714285714285	1.6666666666666665	0.35503580124836315	0.48982250408848654	0.18808016817268094	1	1	0
31	32	2	2	2	2	2	2	0.0	2.0	0.0	1.0	0.0	0	0	0
32	33	2	2	2	2	2	2	0.0	2.0	0.0	1.0	0.0	0	0	0
33	34	3	3	1	3	1	2	-0.2571428571428572	3.0666666666666664	-0.4892942539976062	0.3246293104919743	0.22916589362887552	1	1	0
34	35	3	3	1	1	1	3	-0.17142857142857143	2.6	-0.29277002188455997	0.5733922538253555	0.27994168488950605	1	1	0
35	36	3	3	1	1	1	3	-0.17142857142857143	2.6	-0.29277002188455997	0.5733922538253555	0.27994168488950605	1	1	0
36	37	3	1	1	1	1	3	6.3441315692866086e-18	1.6666666666666667	1.1491900087240784e-17	1.0	0.2760262237369417	1	1	0
37	38	3	3	3	2	1	3	-0.19999999999999998	3.2	-0.4472135954999579	0.373900966300059	0.2	1	1	0
38	39	3	3	1	3	1	3	-0.11428571428571427	2.7333333333333334	-0.20701966780270623	0.6939066340345701	0.2700466072144348	1	1	0
39	40	3	1	3	1	3	3	0.11428571428571428	1.9333333333333336	0.20701966780270625	0.6939066340345699	0.2700466072144348	1	1	0
40	41	3	1	1	1	1	3	6.3441315692866086e-18	1.6666666666666667	1.1491900087240784e-17	1.0	0.2760262237369417	1	1	0
41	42	3	1	1	1	1	1	-0.2857142857142857	2.333333333333333	-0.6546536707079771	0.15830242337545797	0.16495721976846453	1	0	1
42	43	1	1	1	1	1	1	0.0	1.0	0.0	1.0	0.0	0	0	0
43	44	1	1	1	1	1	1	0.0	1.0	0.0	1.0	0.0	0	0	0
44	45	3	1	1	1	1	1	-0.2857142857142857	2.333333333333333	-0.6546536707079771	0.15830242337545797	0.16495721976846453	1	0	1
45	46	1	1	1	1	1	1	0.0	1.0	0.0	1.0	0.0	0	0	0
46	47	3	1	1	1	1	1	-0.2857142857142857	2.333333333333333	-0.6546536707079771	0.15830242337545797	0.16495721976846453	1	0	1
47	48	3	1	1	1	1	3	6.3441315692866086e-18	1.6666666666666667	1.1491900087240784e-17	1.0	0.2760262237369417	1	1	0
48	49	3	1	1	1	1	3	6.3441315692866086e-18	1.6666666666666667	1.1491900087240784e-17	1.0	0.2760262237369417	1	1	0
49	50	3	1	1	1	1	1	-0.2857142857142857	2.333333333333333	-0.6546536707079771	0.15830242337545797	0.16495721976846453	1	0	1
50	51	3	3	3	3	1	3	-0.17142857142857143	3.2666666666666666	-0.39279220242478624	0.4411128091213043	0.20067911910195696	1	1	0
51	52	3	3	3	3	1	3	-0.17142857142857143	3.2666666666666666	-0.39279220242478624	0.4411128091213043	0.20067911910195696	1	1	0
52	53	3	1	1	1	1	1	-0.2857142857142857	2.333333333333333	-0.6546536707079771	0.15830242337545797	0.16495721976846453	1	0	1
53	54	3	1	1	1	1	1	-0.2857142857142857	2.333333333333333	-0.6546536707079771	0.15830242337545797	0.16495721976846453	1	0	1
54	55	3	3	3	3	3	3	0.0	3.0	0.0	1.0	0.0	0	0	0
55	56	2	2	2	2	3	2	0.08571428571428572	1.8666666666666665	0.39279220242478635	0.4411128091213043	0.10033955955097845	1	0	0
56	57	2	2	2	3	3	2	0.11428571428571428	1.9333333333333336	0.41403933560541256	0.4144300825009167	0.12562767579307543	1	0	0
57	58	2	2	2	2	3	2	0.08571428571428572	1.8666666666666665	0.39279220242478635	0.4411128091213043	0.10033955955097845	1	0	0
58	59	2	2	2	2	3	2	0.08571428571428572	1.8666666666666665	0.39279220242478635	0.4411128091213043	0.10033955955097845	1	0	0
59	60	2	3	2	3	3	3	0.17142857142857143	2.0666666666666664	0.6210590034081188	0.188187159830816	0.10816968277714809	1	0	0
60	61	2	2	2	2	3	1	-0.05714285714285714	2.2	-0.16903085094570333	0.7488684500235265	0.16659862556700858	1	0	1
61	62	2	2	2	2	2	2	0.0	2.0	0.0	1.0	0.0	0	0	0
62	63	3	2	3	3	3	2	-0.05714285714285714	2.8666666666666667	-0.20701966780270628	0.6939066340345699	0.13502330360721737	1	0	1
63	64	2	2	2	2	2	2	0.0	2.0	0.0	1.0	0.0	0	0	0
64	65	2	2	2	2	2	1	-0.14285714285714285	2.333333333333333	-0.6546536707079771	0.15830242337545797	0.08247860988423227	1	0	1
65	66	2	2	3	3	2	1	-0.14285714285714285	2.6666666666666665	-0.35503580124836315	0.48982250408848654	0.18808016817268094	1	1	0
66	67	3	1	1	1	3	1	-0.11428571428571428	2.066666666666667	-0.20701966780270625	0.6939066340345699	0.2700466072144348	1	1	0
67	68	1	1	1	3	3	3	0.5142857142857143	0.19999999999999973	0.8783100656536799	0.021311641128756727	0.13997084244475302	0	0	0
68	69	3	3	3	3	1	3	-0.17142857142857143	3.2666666666666666	-0.39279220242478624	0.4411128091213043	0.20067911910195696	1	1	0
69	70	1	1	1	1	1	3	0.2857142857142857	0.33333333333333326	0.6546536707079771	0.15830242337545797	0.16495721976846453	0	0	0
70	71	3	3	1	3	1	3	-0.11428571428571427	2.7333333333333334	-0.20701966780270623	0.6939066340345701	0.2700466072144348	1	1	0
71	72	3	1	1	1	1	1	-0.2857142857142857	2.333333333333333	-0.6546536707079771	0.15830242337545797	0.16495721976846453	1	0	1
72	73	1	1	1	1	1	1	0.0	1.0	0.0	1.0	0.0	0	0	0
73	74	1	1	1	1	1	1	0.0	1.0	0.0	1.0	0.0	0	0	0
74	75	1	1	1	1	3	3	0.45714285714285713	0.06666666666666687	0.8280786712108251	0.04179468045604526	0.15474358865973256	0	0	0
75	76	1	1	1	1	1	1	0.0	1.0	0.0	1.0	0.0	0	0	0
76	77	1	1	1	1	1	1	0.0	1.0	0.0	1.0	0.0	0	0	0
77	78	1	1	1	1	1	1	0.0	1.0	0.0	1.0	0.0	0	0	0
78	79	1	1	1	1	1	1	0.0	1.0	0.0	1.0	0.0	0	0	0
79	80	1	1	1	1	1	1	0.0	1.0	0.0	1.0	0.0	0	0	0
80	81	1	1	1	1	1	1	0.0	1.0	0.0	1.0	0.0	0	0	0
81	82	1	1	1	1	1	1	0.0	1.0	0.0	1.0	0.0	0	0	0
82	83	1	1	1	1	1	1	0.0	1.0	0.0	1.0	0.0	0	0	0
83	84	1	1	1	1	1	1	0.0	1.0	0.0	1.0	0.0	0	0	0
84	85	1	1	1	1	3	3	0.45714285714285713	0.06666666666666687	0.8280786712108251	0.04179468045604526	0.15474358865973256	0	0	0
85	86	1	1	1	3	1	3	0.34285714285714286	0.4666666666666668	0.6210590034081188	0.188187159830816	0.21633936555429617	1	1	0
86	87	1	1	1	1	1	1	0.0	1.0	0.0	1.0	0.0	0	0	0
87	88	1	1	3	3	1	3	0.2857142857142857	1.0	0.48795003647426655	0.3261642353450604	0.25555062599997597	1	1	0
88	89	3	1	1	1	1	1	-0.2857142857142857	2.333333333333333	-0.6546536707079771	0.15830242337545797	0.16495721976846453	1	0	1
89	90	3	3	3	3	3	3	0.0	3.0	0.0	1.0	0.0	0	0	0
90	91	3	3	3	3	3	3	0.0	3.0	0.0	1.0	0.0	0	0	0
91	92	3	3	3	3	3	3	0.0	3.0	0.0	1.0	0.0	0	0	0
92	93	3	3	3	3	3	3	0.0	3.0	0.0	1.0	0.0	0	0	0
93	94	3	3	3	3	3	3	0.0	3.0	0.0	1.0	0.0	0	0	0
94	95	3	3	3	3	3	3	0.0	3.0	0.0	1.0	0.0	0	0	0
95	96	3	3	3	3	3	3	0.0	3.0	0.0	1.0	0.0	0	0	0
96	97	3	3	3	3	3	3	0.0	3.0	0.0	1.0	0.0	0	0	0
97	98	3	3	3	3	3	3	0.0	3.0	0.0	1.0	0.0	0	0	0
98	99	1	1	1	1	1	2	0.14285714285714285	0.6666666666666667	0.6546536707079771	0.15830242337545797	0.08247860988423227	0	0	0
99	100	1	2	2	2	1	2	0.05714285714285714	1.4666666666666668	0.20701966780270625	0.6939066340345699	0.1350233036072174	1	0	0
100	101	2	2	2	2	2	2	0.0	2.0	0.0	1.0	0.0	0	0	0
101	102	2	2	2	2	2	2	0.0	2.0	0.0	1.0	0.0	0	0	0
102	103	2	2	2	2	2	1	-0.14285714285714285	2.333333333333333	-0.6546536707079771	0.15830242337545797	0.08247860988423227	1	0	1
103	104	2	2	2	2	2	2	0.0	2.0	0.0	1.0	0.0	0	0	0
104	105	2	1	1	2	1	2	0.02857142857142857	1.4	0.09759000729485331	0.8540797033781717	0.14568627181693672	1	0	0
105	106	1	2	2	2	1	2	0.05714285714285714	1.4666666666666668	0.20701966780270625	0.6939066340345699	0.1350233036072174	1	0	0
106	107	2	2	2	2	2	2	0.0	2.0	0.0	1.0	0.0	0	0	0
107	108	2	2	2	2	2	2	0.0	2.0	0.0	1.0	0.0	0	0	0
108	109	2	1	1	2	2	2	0.11428571428571428	1.2666666666666668	0.4140393356054125	0.4144300825009167	0.12562767579307543	1	0	0
109	110	2	2	2	2	2	3	0.14285714285714285	1.6666666666666665	0.6546536707079771	0.15830242337545797	0.08247860988423227	0	0	0
110	111	2	2	2	2	2	1	-0.14285714285714285	2.333333333333333	-0.6546536707079771	0.15830242337545797	0.08247860988423227	1	0	1
111	112	2	2	2	2	2	2	0.0	2.0	0.0	1.0	0.0	0	0	0
112	113	2	2	2	2	2	2	0.0	2.0	0.0	1.0	0.0	0	0	0
113	114	2	3	2	3	3	2	0.02857142857142857	2.4	0.09759000729485331	0.8540797033781717	0.14568627181693672	1	0	0
114	115	2	2	2	2	2	2	0.0	2.0	0.0	1.0	0.0	0	0	0
115	116	2	2	2	2	2	2	0.0	2.0	0.0	1.0	0.0	0	0	0
116	117	2	2	2	2	2	2	0.0	2.0	0.0	1.0	0.0	0	0	0
117	118	2	2	2	2	2	1	-0.14285714285714285	2.333333333333333	-0.6546536707079771	0.15830242337545797	0.08247860988423227	1	0	1
118	119	2	2	2	2	2	3	0.14285714285714285	1.6666666666666665	0.6546536707079771	0.15830242337545797	0.08247860988423227	0	0	0
119	120	2	2	2	2	2	2	0.0	2.0	0.0	1.0	0.0	0	0	0
120	121	2	2	2	2	2	2	0.0	2.0	0.0	1.0	0.0	0	0	0
121	122	2	1	2	2	2	2	0.08571428571428572	1.5333333333333332	0.39279220242478635	0.4411128091213043	0.10033955955097845	1	0	0
122	123	1	1	2	2	2	2	0.22857142857142856	0.8666666666666668	0.828078671210825	0.041794680456045286	0.07737179432986631	0	0	0
123	124	2	1	1	1	2	1	-0.05714285714285714	1.5333333333333332	-0.20701966780270625	0.6939066340345699	0.1350233036072174	1	0	1
124	125	2	2	2	2	2	2	0.0	2.0	0.0	1.0	0.0	0	0	0
125	126	2	1	2	2	2	2	0.08571428571428572	1.5333333333333332	0.39279220242478635	0.4411128091213043	0.10033955955097845	1	0	0
126	127	2	2	2	2	2	3	0.14285714285714285	1.6666666666666665	0.6546536707079771	0.15830242337545797	0.08247860988423227	0	0	0
127	128	2	2	2	2	2	2	0.0	2.0	0.0	1.0	0.0	0	0	0
128	129	2	2	1	1	2	2	0.0	1.6666666666666667	0.0	1.0	0.13801311186847084	1	0	0
129	130	1	2	2	2	2	2	0.14285714285714285	1.3333333333333333	0.6546536707079772	0.15830242337545783	0.08247860988423225	0	0	0
130	131	2	2	2	2	2	2	0.0	2.0	0.0	1.0	0.0	0	0	0
131	132	1	1	1	3	1	1	0.057142857142857134	1.1333333333333333	0.1309307341415954	0.8047261622231062	0.21633936555429617	1	1	0
132	133	1	1	1	1	1	1	0.0	1.0	0.0	1.0	0.0	0	0	0
133	134	1	2	1	1	1	1	-0.08571428571428572	1.4666666666666668	-0.39279220242478635	0.4411128091213043	0.10033955955097845	1	0	1
134	135	1	1	1	1	1	1	0.0	1.0	0.0	1.0	0.0	0	0	0
135	136	1	1	1	1	1	1	0.0	1.0	0.0	1.0	0.0	0	0	0
136	137	1	1	1	1	1	1	0.0	1.0	0.0	1.0	0.0	0	0	0
137	138	1	3	1	1	1	3	0.11428571428571428	1.2666666666666668	0.20701966780270625	0.6939066340345699	0.2700466072144348	1	1	0
138	139	1	3	1	1	1	1	-0.17142857142857143	1.9333333333333331	-0.39279220242478624	0.4411128091213043	0.20067911910195696	1	1	0
139	140	1	3	1	1	1	3	0.11428571428571428	1.2666666666666668	0.20701966780270625	0.6939066340345699	0.2700466072144348	1	1	0
140	141	1	1	1	1	1	3	0.2857142857142857	0.33333333333333326	0.6546536707079771	0.15830242337545797	0.16495721976846453	0	0	0
141	142	1	1	1	1	1	1	0.0	1.0	0.0	1.0	0.0	0	0	0
142	143	1	1	1	1	1	1	0.0	1.0	0.0	1.0	0.0	0	0	0
143	144	1	1	1	1	1	1	0.0	1.0	0.0	1.0	0.0	0	0	0
144	145	1	1	1	1	1	1	0.0	1.0	0.0	1.0	0.0	0	0	0
145	146	1	1	1	1	1	1	0.0	1.0	0.0	1.0	0.0	0	0	0
146	147	1	1	1	1	1	1	0.0	1.0	0.0	1.0	0.0	0	0	0
147	148	1	1	1	1	1	1	0.0	1.0	0.0	1.0	0.0	0	0	0
148	149	1	1	1	1	1	1	0.0	1.0	0.0	1.0	0.0	0	0	0
149	150	1	1	1	1	1	1	0.0	1.0	0.0	1.0	0.0	0	0	0
150	151	3	1	1	1	1	1	-0.2857142857142857	2.333333333333333	-0.6546536707079771	0.15830242337545797	0.16495721976846453	1	0	1
151	152	1	1	1	1	1	1	0.0	1.0	0.0	1.0	0.0	0	0	0
152	153	1	1	1	1	1	1	0.0	1.0	0.0	1.0	0.0	0	0	0
153	154	1	1	1	1	1	1	0.0	1.0	0.0	1.0	0.0	0	0	0
154	155	1	1	1	1	1	1	0.0	1.0	0.0	1.0	0.0	0	0	0
155	156	1	1	1	1	1	1	0.0	1.0	0.0	1.0	0.0	0	0	0
156	157	1	1	1	1	1	3	0.2857142857142857	0.33333333333333326	0.6546536707079771	0.15830242337545797	0.16495721976846453	0	0	0
157	158	1	1	1	1	1	1	0.0	1.0	0.0	1.0	0.0	0	0	0
158	159	1	1	1	1	1	1	0.0	1.0	0.0	1.0	0.0	0	0	0
159	160	1	1	1	1	1	1	0.0	1.0	0.0	1.0	0.0	0	0	0
160	161	1	1	1	1	1	1	0.0	1.0	0.0	1.0	0.0	0	0	0
161	162	1	1	1	1	1	1	0.0	1.0	0.0	1.0	0.0	0	0	0
162	163	1	1	1	1	1	1	0.0	1.0	0.0	1.0	0.0	0	0	0
163	164	1	1	1	1	1	3	0.2857142857142857	0.33333333333333326	0.6546536707079771	0.15830242337545797	0.16495721976846453	0	0	0
164	165	1	1	1	1	1	1	0.0	1.0	0.0	1.0	0.0	0	0	0
165	166	1	1	1	2	2	1	0.11428571428571428	0.9333333333333333	0.4140393356054125	0.4144300825009167	0.12562767579307543	1	0	0
166	167	2	2	2	2	2	2	0.0	2.0	0.0	1.0	0.0	0	0	0
167	168	1	1	1	1	1	1	0.0	1.0	0.0	1.0	0.0	0	0	0
168	169	1	1	1	1	1	1	0.0	1.0	0.0	1.0	0.0	0	0	0
169	170	1	1	1	1	1	1	0.0	1.0	0.0	1.0	0.0	0	0	0
170	171	1	1	1	1	2	2	0.22857142857142856	0.5333333333333333	0.828078671210825	0.041794680456045286	0.07737179432986631	0	0	0
171	172	1	1	1	1	1	1	0.0	1.0	0.0	1.0	0.0	0	0	0
172	173	1	1	1	1	1	1	0.0	1.0	0.0	1.0	0.0	0	0	0
173	174	1	1	1	1	1	1	0.0	1.0	0.0	1.0	0.0	0	0	0
174	175	1	1	1	1	1	1	0.0	1.0	0.0	1.0	0.0	0	0	0
175	176	1	1	1	1	1	1	0.0	1.0	0.0	1.0	0.0	0	0	0
176	177	1	1	1	1	1	1	0.0	1.0	0.0	1.0	0.0	0	0	0
177	178	1	1	1	1	1	1	0.0	1.0	0.0	1.0	0.0	0	0	0
178	179	1	1	1	1	1	1	0.0	1.0	0.0	1.0	0.0	0	0	0
179	180	1	1	1	1	1	1	0.0	1.0	0.0	1.0	0.0	0	0	0
180	181	1	1	1	1	1	1	0.0	1.0	0.0	1.0	0.0	0	0	0
181	182	1	1	1	1	1	1	0.0	1.0	0.0	1.0	0.0	0	0	0
182	183	1	1	1	1	1	1	0.0	1.0	0.0	1.0	0.0	0	0	0
183	184	1	1	1	1	1	1	0.0	1.0	0.0	1.0	0.0	0	0	0
184	185	1	1	1	1	1	1	0.0	1.0	0.0	1.0	0.0	0	0	0
185	186	1	1	1	1	1	1	0.0	1.0	0.0	1.0	0.0	0	0	0
186	187	1	1	1	1	2	1	0.08571428571428572	0.8666666666666667	0.39279220242478624	0.4411128091213043	0.10033955955097848	1	0	0
187	188	1	1	1	1	1	1	0.0	1.0	0.0	1.0	0.0	0	0	0
188	189	1	1	1	1	1	1	0.0	1.0	0.0	1.0	0.0	0	0	0
189	190	1	1	1	1	1	1	0.0	1.0	0.0	1.0	0.0	0	0	0
190	191	1	1	1	1	1	1	0.0	1.0	0.0	1.0	0.0	0	0	0
191	192	1	1	1	1	1	1	0.0	1.0	0.0	1.0	0.0	0	0	0
192	193	1	1	1	1	1	1	0.0	1.0	0.0	1.0	0.0	0	0	0
193	194	1	1	1	1	1	1	0.0	1.0	0.0	1.0	0.0	0	0	0
194	195	1	1	1	1	1	1	0.0	1.0	0.0	1.0	0.0	0	0	0
195	196	1	1	1	1	1	1	0.0	1.0	0.0	1.0	0.0	0	0	0
196	197	1	1	1	1	1	3	0.2857142857142857	0.33333333333333326	0.6546536707079771	0.15830242337545797	0.16495721976846453	0	0	0
197	198	1	1	1	1	1	1	0.0	1.0	0.0	1.0	0.0	0	0	0
198	199	2	1	1	2	2	1	-0.02857142857142857	1.6	-0.09759000729485331	0.8540797033781717	0.14568627181693672	1	0	1
199	200	2	1	2	2	2	1	-0.05714285714285714	1.8666666666666667	-0.20701966780270628	0.6939066340345699	0.13502330360721737	1	0	1
200	201	1	1	1	1	1	1	0.0	1.0	0.0	1.0	0.0	0	0	0
201	202	1	1	1	1	1	1	0.0	1.0	0.0	1.0	0.0	0	0	0
202	203	1	1	1	1	1	1	0.0	1.0	0.0	1.0	0.0	0	0	0
203	204	1	1	1	1	1	1	0.0	1.0	0.0	1.0	0.0	0	0	0
204	205	3	3	3	1	3	1	-0.34285714285714286	3.533333333333333	-0.6210590034081188	0.188187159830816	0.21633936555429617	1	1	0
205	206	1	1	1	1	1	1	0.0	1.0	0.0	1.0	0.0	0	0	0
206	207	1	1	1	1	1	1	0.0	1.0	0.0	1.0	0.0	0	0	0
207	208	1	1	1	1	1	1	0.0	1.0	0.0	1.0	0.0	0	0	0
208	209	1	1	1	1	1	1	0.0	1.0	0.0	1.0	0.0	0	0	0
209	210	1	1	1	1	1	1	0.0	1.0	0.0	1.0	0.0	0	0	0
210	211	1	1	1	1	1	1	0.0	1.0	0.0	1.0	0.0	0	0	0
211	212	1	1	1	1	1	1	0.0	1.0	0.0	1.0	0.0	0	0	0
212	213	1	1	1	1	1	1	0.0	1.0	0.0	1.0	0.0	0	0	0
213	214	1	1	1	1	1	1	0.0	1.0	0.0	1.0	0.0	0	0	0
214	215	1	1	1	1	1	1	0.0	1.0	0.0	1.0	0.0	0	0	0
215	216	1	1	1	1	1	1	0.0	1.0	0.0	1.0	0.0	0	0	0
216	217	1	1	1	1	1	1	0.0	1.0	0.0	1.0	0.0	0	0	0
217	218	1	1	1	1	1	1	0.0	1.0	0.0	1.0	0.0	0	0	0
218	219	1	1	1	1	1	1	0.0	1.0	0.0	1.0	0.0	0	0	0
219	220	1	1	1	1	1	1	0.0	1.0	0.0	1.0	0.0	0	0	0
220	221	1	1	1	1	1	1	0.0	1.0	0.0	1.0	0.0	0	0	0
221	222	3	1	1	1	1	1	-0.2857142857142857	2.333333333333333	-0.6546536707079771	0.15830242337545797	0.16495721976846453	1	0	1
222	223	3	1	1	1	1	1	-0.2857142857142857	2.333333333333333	-0.6546536707079771	0.15830242337545797	0.16495721976846453	1	0	1
223	224	1	1	1	1	1	1	0.0	1.0	0.0	1.0	0.0	0	0	0
224	225	1	1	1	1	1	1	0.0	1.0	0.0	1.0	0.0	0	0	0
225	226	3	3	1	1	3	1	-0.2857142857142857	3.0	-0.48795003647426655	0.3261642353450604	0.25555062599997597	1	1	0
226	227	3	3	1	1	3	1	-0.2857142857142857	3.0	-0.48795003647426655	0.3261642353450604	0.25555062599997597	1	1	0
227	228	3	3	3	1	3	1	-0.34285714285714286	3.533333333333333	-0.6210590034081188	0.188187159830816	0.21633936555429617	1	1	0
228	229	1	3	1	1	1	1	-0.17142857142857143	1.9333333333333331	-0.39279220242478624	0.4411128091213043	0.20067911910195696	1	1	0
229	230	1	1	1	1	1	1	0.0	1.0	0.0	1.0	0.0	0	0	0
230	231	1	1	1	1	1	1	0.0	1.0	0.0	1.0	0.0	0	0	0
231	232	1	1	1	1	1	1	0.0	1.0	0.0	1.0	0.0	0	0	0
232	233	2	2	2	1	1	1	-0.2571428571428572	2.4000000000000004	-0.8783100656536799	0.021311641128756727	0.06998542122237651	1	0	1
233	234	3	1	1	1	1	1	-0.2857142857142857	2.333333333333333	-0.6546536707079771	0.15830242337545797	0.16495721976846453	1	0	1
234	235	1	1	1	1	1	1	0.0	1.0	0.0	1.0	0.0	0	0	0
235	236	1	2	1	2	2	1	0.02857142857142857	1.4	0.09759000729485331	0.8540797033781717	0.14568627181693672	1	0	0
236	237	1	1	1	1	2	1	0.08571428571428572	0.8666666666666667	0.39279220242478624	0.4411128091213043	0.10033955955097848	1	0	0
237	238	1	2	1	1	2	2	0.14285714285714285	1.0	0.48795003647426655	0.3261642353450604	0.12777531299998798	1	0	0
238	239	1	3	1	1	1	1	-0.17142857142857143	1.9333333333333331	-0.39279220242478624	0.4411128091213043	0.20067911910195696	1	1	0
239	240	3	3	1	1	3	1	-0.2857142857142857	3.0	-0.48795003647426655	0.3261642353450604	0.25555062599997597	1	1	0
240	241	3	3	3	3	3	3	0.0	3.0	0.0	1.0	0.0	0	0	0
241	242	3	3	3	3	3	2	-0.14285714285714285	3.3333333333333335	-0.6546536707079771	0.15830242337545797	0.08247860988423227	1	0	1
242	243	3	3	3	3	3	2	-0.14285714285714285	3.3333333333333335	-0.6546536707079771	0.15830242337545797	0.08247860988423227	1	0	1
243	244	3	3	3	3	3	3	0.0	3.0	0.0	1.0	0.0	0	0	0
244	245	3	3	3	3	3	3	0.0	3.0	0.0	1.0	0.0	0	0	0
245	246	2	3	2	2	3	3	0.14285714285714285	2.0	0.48795003647426655	0.3261642353450604	0.12777531299998798	1	0	0
246	247	2	3	3	3	3	2	0.0	2.6666666666666665	0.0	1.0	0.13801311186847084	1	0	0
247	248	2	3	2	3	3	3	0.17142857142857143	2.0666666666666664	0.6210590034081188	0.188187159830816	0.10816968277714809	1	0	0
248	249	3	2	2	3	2	2	-0.11428571428571428	2.7333333333333334	-0.41403933560541256	0.4144300825009167	0.12562767579307543	1	0	1
249	250	3	3	2	1	2	2	-0.2571428571428572	3.0666666666666664	-0.6390644422470537	0.17190136979415382	0.15474358865973256	1	0	1
250	251	3	3	2	3	2	1	-0.34285714285714286	3.533333333333333	-0.7855844048495725	0.06403229479350926	0.13502330360721743	1	0	1
251	252	3	3	3	2	2	2	-0.2571428571428572	3.4000000000000004	-0.8783100656536799	0.021311641128756727	0.06998542122237651	1	0	1
252	253	2	2	3	2	2	2	-0.02857142857142857	2.2666666666666666	-0.13093073414159542	0.8047261622231062	0.10816968277714806	1	0	1
253	254	3	2	2	3	2	2	-0.11428571428571428	2.7333333333333334	-0.41403933560541256	0.4144300825009167	0.12562767579307543	1	0	1
254	255	3	3	2	3	3	1	-0.2571428571428572	3.4000000000000004	-0.574988908499946	0.2325658241653781	0.18294640678379565	1	1	0
255	256	2	3	3	2	3	2	-0.02857142857142857	2.6	-0.09759000729485331	0.8540797033781717	0.14568627181693672	1	0	1
256	257	3	3	3	2	2	3	-0.11428571428571428	3.0666666666666664	-0.41403933560541256	0.4144300825009167	0.12562767579307543	1	0	1
257	258	3	3	3	2	2	2	-0.2571428571428572	3.4000000000000004	-0.8783100656536799	0.021311641128756727	0.06998542122237651	1	0	1
258	259	2	2	3	2	2	2	-0.02857142857142857	2.2666666666666666	-0.13093073414159542	0.8047261622231062	0.10816968277714806	1	0	1
259	260	2	2	2	2	2	2	0.0	2.0	0.0	1.0	0.0	0	0	0
260	261	3	3	2	3	2	2	-0.19999999999999998	3.2	-0.6831300510639732	0.1347019353189672	0.10690449676496977	1	0	1
261	262	3	3	2	1	3	2	-0.17142857142857143	2.9333333333333336	-0.39279220242478635	0.4411128091213043	0.2006791191019569	1	1	0
262	263	3	3	2	1	2	2	-0.2571428571428572	3.0666666666666664	-0.6390644422470537	0.17190136979415382	0.15474358865973256	1	0	1
263	264	3	3	2	1	2	2	-0.2571428571428572	3.0666666666666664	-0.6390644422470537	0.17190136979415382	0.15474358865973256	1	0	1
264	265	3	3	2	1	3	3	-0.02857142857142857	2.6	-0.06388765649999399	0.904298898222458	0.22314999074019012	1	1	0
265	266	2	2	2	3	2	2	0.02857142857142857	2.0666666666666664	0.13093073414159542	0.8047261622231062	0.10816968277714806	1	0	0
266	267	3	2	2	3	2	2	-0.11428571428571428	2.7333333333333334	-0.41403933560541256	0.4144300825009167	0.12562767579307543	1	0	1
267	268	3	3	2	3	3	2	-0.11428571428571428	3.0666666666666664	-0.41403933560541256	0.4144300825009167	0.12562767579307543	1	0	1
268	269	3	3	2	3	2	2	-0.19999999999999998	3.2	-0.6831300510639732	0.1347019353189672	0.10690449676496977	1	0	1
269	270	3	2	2	1	2	3	-0.028571428571428584	2.2666666666666666	-0.07100716024967267	0.8936682692731792	0.20067911910195693	1	1	0
270	271	3	3	2	1	2	2	-0.2571428571428572	3.0666666666666664	-0.6390644422470537	0.17190136979415382	0.15474358865973256	1	0	1
271	272	2	2	2	3	2	2	0.02857142857142857	2.0666666666666664	0.13093073414159542	0.8047261622231062	0.10816968277714806	1	0	0
272	273	3	2	2	3	2	2	-0.11428571428571428	2.7333333333333334	-0.41403933560541256	0.4144300825009167	0.12562767579307543	1	0	1
273	274	3	2	2	3	2	2	-0.11428571428571428	2.7333333333333334	-0.41403933560541256	0.4144300825009167	0.12562767579307543	1	0	1
274	275	3	3	3	3	3	3	0.0	3.0	0.0	1.0	0.0	0	0	0
275	276	3	3	3	1	3	3	-0.05714285714285714	2.8666666666666667	-0.13093073414159542	0.8047261622231062	0.21633936555429611	1	1	0
276	277	3	3	3	3	3	3	0.0	3.0	0.0	1.0	0.0	0	0	0
277	278	3	3	3	1	3	3	-0.05714285714285714	2.8666666666666667	-0.13093073414159542	0.8047261622231062	0.21633936555429611	1	1	0
278	279	2	2	2	3	2	2	0.02857142857142857	2.0666666666666664	0.13093073414159542	0.8047261622231062	0.10816968277714806	1	0	0
279	280	3	2	2	3	2	2	-0.11428571428571428	2.7333333333333334	-0.41403933560541256	0.4144300825009167	0.12562767579307543	1	0	1
280	281	2	3	2	2	2	2	-0.08571428571428572	2.4666666666666663	-0.39279220242478635	0.4411128091213043	0.10033955955097845	1	0	1
281	282	3	3	2	3	2	2	-0.19999999999999998	3.2	-0.6831300510639732	0.1347019353189672	0.10690449676496977	1	0	1
282	283	2	2	2	2	2	2	0.0	2.0	0.0	1.0	0.0	0	0	0
283	284	2	2	2	2	2	2	0.0	2.0	0.0	1.0	0.0	0	0	0
284	285	3	3	2	3	2	2	-0.19999999999999998	3.2	-0.6831300510639732	0.1347019353189672	0.10690449676496977	1	0	1
285	286	2	2	2	3	2	2	0.02857142857142857	2.0666666666666664	0.13093073414159542	0.8047261622231062	0.10816968277714806	1	0	0
286	287	3	2	2	1	2	2	-0.17142857142857143	2.6	-0.50709255283711	0.304558784680535	0.14568627181693672	1	0	1
287	288	3	3	2	3	2	2	-0.19999999999999998	3.2	-0.6831300510639732	0.1347019353189672	0.10690449676496977	1	0	1
288	289	1	2	1	3	1	3	0.2571428571428572	0.9333333333333331	0.4892942539976062	0.3246293104919743	0.22916589362887552	1	1	0
289	290	1	2	1	1	1	1	-0.08571428571428572	1.4666666666666668	-0.39279220242478635	0.4411128091213043	0.10033955955097845	1	0	1
290	291	1	3	3	1	3	1	-0.05714285714285714	2.2	-0.09759000729485331	0.8540797033781717	0.29137254363387344	1	1	0
291	292	1	2	1	1	1	1	-0.08571428571428572	1.4666666666666668	-0.39279220242478635	0.4411128091213043	0.10033955955097845	1	0	1
292	293	1	3	1	2	1	1	-0.14285714285714285	2.0	-0.31943828249996997	0.5371404478061659	0.21189138534559035	1	1	0
293	294	3	2	1	2	1	2	-0.19999999999999998	2.533333333333333	-0.4970501217477084	0.3158251265355071	0.1745743121887939	1	1	0
294	295	3	3	1	2	1	1	-0.4285714285714286	3.333333333333333	-0.8154904233293435	0.0479249737485004	0.1520830421206792	1	0	1
295	296	2	2	2	2	2	2	0.0	2.0	0.0	1.0	0.0	0	0	0
296	297	3	2	2	2	1	2	-0.22857142857142856	2.8	-0.6761234037828133	0.1403573866189944	0.12453996981544779	1	0	1
297	298	2	2	2	2	2	3	0.14285714285714285	1.6666666666666665	0.6546536707079771	0.15830242337545797	0.08247860988423227	0	0	0
298	299	2	2	2	2	2	2	0.0	2.0	0.0	1.0	0.0	0	0	0
299	300	1	1	1	1	1	1	0.0	1.0	0.0	1.0	0.0	0	0	0
300	301	1	1	1	1	1	1	0.0	1.0	0.0	1.0	0.0	0	0	0
301	302	1	1	1	1	1	1	0.0	1.0	0.0	1.0	0.0	0	0	0
302	303	1	1	1	1	1	1	0.0	1.0	0.0	1.0	0.0	0	0	0
303	304	1	1	1	1	1	1	0.0	1.0	0.0	1.0	0.0	0	0	0
304	305	1	1	1	1	1	1	0.0	1.0	0.0	1.0	0.0	0	0	0
305	306	1	1	1	1	1	1	0.0	1.0	0.0	1.0	0.0	0	0	0
306	307	3	1	3	1	3	1	-0.17142857142857143	2.6	-0.29277002188455997	0.5733922538253555	0.27994168488950605	1	1	0
307	308	3	1	3	1	3	2	-0.028571428571428584	2.2666666666666666	-0.05436602822195626	0.9185313015511375	0.26238052026582687	1	1	0
308	309	3	3	2	3	3	3	0.02857142857142857	2.7333333333333334	0.13093073414159542	0.8047261622231062	0.10816968277714806	1	0	0
309	310	3	1	3	1	3	3	0.11428571428571428	1.9333333333333336	0.20701966780270625	0.6939066340345699	0.2700466072144348	1	1	0
310	311	3	3	2	1	2	3	-0.11428571428571427	2.7333333333333334	-0.26186146828319085	0.6161859050592089	0.2106032798809141	1	1	0
311	312	1	1	3	1	1	3	0.22857142857142856	0.8666666666666668	0.41403933560541256	0.4144300825009167	0.25125535158615087	1	1	0
312	313	1	1	1	1	1	1	0.0	1.0	0.0	1.0	0.0	0	0	0
313	314	1	3	2	1	1	1	-0.19999999999999998	2.2	-0.4472135954999579	0.373900966300059	0.2	1	1	0
314	315	3	2	2	3	3	1	-0.17142857142857143	2.9333333333333336	-0.39279220242478624	0.4411128091213043	0.20067911910195696	1	1	0
315	316	1	2	1	1	1	3	0.19999999999999998	0.8	0.4472135954999579	0.373900966300059	0.2	1	1	0
316	317	1	2	1	1	1	1	-0.08571428571428572	1.4666666666666668	-0.39279220242478635	0.4411128091213043	0.10033955955097845	1	0	1
317	318	1	3	1	1	1	1	-0.17142857142857143	1.9333333333333331	-0.39279220242478624	0.4411128091213043	0.20067911910195696	1	1	0
318	319	1	3	1	1	1	1	-0.17142857142857143	1.9333333333333331	-0.39279220242478624	0.4411128091213043	0.20067911910195696	1	1	0
319	320	1	3	1	1	1	1	-0.17142857142857143	1.9333333333333331	-0.39279220242478624	0.4411128091213043	0.20067911910195696	1	1	0
320	321	1	1	1	3	1	1	0.057142857142857134	1.1333333333333333	0.1309307341415954	0.8047261622231062	0.21633936555429617	1	1	0
321	322	1	3	1	1	1	3	0.11428571428571428	1.2666666666666668	0.20701966780270625	0.6939066340345699	0.2700466072144348	1	1	0
322	323	1	1	1	1	1	1	0.0	1.0	0.0	1.0	0.0	0	0	0
323	324	1	3	1	3	1	1	-0.11428571428571428	2.066666666666667	-0.20701966780270625	0.6939066340345699	0.2700466072144348	1	1	0
324	325	1	1	1	1	1	1	0.0	1.0	0.0	1.0	0.0	0	0	0
325	326	1	1	1	1	1	1	0.0	1.0	0.0	1.0	0.0	0	0	0
326	327	3	1	1	1	1	3	6.3441315692866086e-18	1.6666666666666667	1.1491900087240784e-17	1.0	0.2760262237369417	1	1	0
327	328	1	1	1	1	1	3	0.2857142857142857	0.33333333333333326	0.6546536707079771	0.15830242337545797	0.16495721976846453	0	0	0
328	329	1	1	1	1	1	1	0.0	1.0	0.0	1.0	0.0	0	0	0
329	330	1	1	1	1	1	1	0.0	1.0	0.0	1.0	0.0	0	0	0
330	331	1	1	1	1	1	1	0.0	1.0	0.0	1.0	0.0	0	0	0
331	332	1	1	1	1	1	1	0.0	1.0	0.0	1.0	0.0	0	0	0
332	333	1	1	1	1	1	1	0.0	1.0	0.0	1.0	0.0	0	0	0
333	334	1	1	1	1	1	1	0.0	1.0	0.0	1.0	0.0	0	0	0
334	335	1	1	1	2	1	1	0.02857142857142857	1.0666666666666667	0.13093073414159542	0.8047261622231062	0.10816968277714806	1	0	0
335	336	1	3	3	3	1	1	-0.17142857142857143	2.6	-0.29277002188455997	0.5733922538253555	0.27994168488950605	1	1	0
336	337	1	3	3	3	1	3	0.11428571428571428	1.9333333333333336	0.20701966780270625	0.6939066340345699	0.2700466072144348	1	1	0
337	338	1	3	1	3	1	3	0.17142857142857143	1.4	0.29277002188455997	0.5733922538253555	0.27994168488950605	1	1	0
338	339	1	1	1	1	1	1	0.0	1.0	0.0	1.0	0.0	0	0	0
339	340	2	2	1	2	2	1	-0.11428571428571428	2.066666666666667	-0.41403933560541256	0.4144300825009167	0.12562767579307543	1	0	1
340	341	1	3	3	1	1	3	0.05714285714285714	1.8	0.09759000729485331	0.8540797033781717	0.29137254363387344	1	1	0
341	342	3	3	3	3	3	3	0.0	3.0	0.0	1.0	0.0	0	0	0
342	343	1	3	1	1	1	1	-0.17142857142857143	1.9333333333333331	-0.39279220242478624	0.4411128091213043	0.20067911910195696	1	1	0
343	344	2	2	2	2	2	1	-0.14285714285714285	2.333333333333333	-0.6546536707079771	0.15830242337545797	0.08247860988423227	1	0	1
344	345	1	3	1	3	1	1	-0.11428571428571428	2.066666666666667	-0.20701966780270625	0.6939066340345699	0.2700466072144348	1	1	0
345	346	2	2	2	2	2	1	-0.14285714285714285	2.333333333333333	-0.6546536707079771	0.15830242337545797	0.08247860988423227	1	0	1
346	347	2	2	2	2	2	1	-0.14285714285714285	2.333333333333333	-0.6546536707079771	0.15830242337545797	0.08247860988423227	1	0	1
347	348	1	2	1	1	2	1	0.0	1.3333333333333333	0.0	1.0	0.13801311186847084	1	0	0
348	349	1	2	1	1	2	1	0.0	1.3333333333333333	0.0	1.0	0.13801311186847084	1	0	0
349	350	1	1	1	1	2	1	0.08571428571428572	0.8666666666666667	0.39279220242478624	0.4411128091213043	0.10033955955097848	1	0	0
350	351	1	2	1	1	1	1	-0.08571428571428572	1.4666666666666668	-0.39279220242478635	0.4411128091213043	0.10033955955097845	1	0	1
351	352	1	1	1	1	1	1	0.0	1.0	0.0	1.0	0.0	0	0	0
352	353	1	1	1	1	1	2	0.14285714285714285	0.6666666666666667	0.6546536707079771	0.15830242337545797	0.08247860988423227	0	0	0
353	354	1	1	1	1	1	3	0.2857142857142857	0.33333333333333326	0.6546536707079771	0.15830242337545797	0.16495721976846453	0	0	0
354	355	2	1	2	2	2	3	0.22857142857142856	1.2000000000000002	0.6761234037828133	0.1403573866189944	0.12453996981544779	1	0	0
355	356	3	3	3	2	3	2	-0.17142857142857143	3.2666666666666666	-0.6210590034081188	0.188187159830816	0.10816968277714809	1	0	1
356	357	2	2	1	2	2	3	0.17142857142857143	1.4	0.50709255283711	0.304558784680535	0.14568627181693672	1	0	0
357	358	2	2	2	2	2	1	-0.14285714285714285	2.333333333333333	-0.6546536707079771	0.15830242337545797	0.08247860988423227	1	0	1
358	359	2	2	2	2	2	1	-0.14285714285714285	2.333333333333333	-0.6546536707079771	0.15830242337545797	0.08247860988423227	1	0	1
359	360	2	2	2	2	2	1	-0.14285714285714285	2.333333333333333	-0.6546536707079771	0.15830242337545797	0.08247860988423227	1	0	1
360	361	3	3	1	1	3	1	-0.2857142857142857	3.0	-0.48795003647426655	0.3261642353450604	0.25555062599997597	1	1	0
361	362	2	2	2	2	1	2	-0.08571428571428572	2.1333333333333333	-0.39279220242478624	0.4411128091213043	0.10033955955097848	1	0	1
362	363	1	1	1	1	3	1	0.17142857142857143	0.7333333333333333	0.39279220242478624	0.4411128091213043	0.20067911910195696	1	1	0
363	364	2	2	2	2	2	1	-0.14285714285714285	2.333333333333333	-0.6546536707079771	0.15830242337545797	0.08247860988423227	1	0	1
364	365	2	2	2	2	2	2	0.0	2.0	0.0	1.0	0.0	0	0	0
365	366	2	2	2	2	2	2	0.0	2.0	0.0	1.0	0.0	0	0	0
366	367	2	2	2	2	2	2	0.0	2.0	0.0	1.0	0.0	0	0	0
367	368	2	2	2	2	2	2	0.0	2.0	0.0	1.0	0.0	0	0	0
368	369	1	2	2	2	2	1	6.3441315692866086e-18	1.6666666666666667	2.298380017448157e-17	1.0	0.13801311186847084	1	0	0
369	370	2	2	2	2	2	2	0.0	2.0	0.0	1.0	0.0	0	0	0
370	371	2	2	3	2	3	3	0.19999999999999998	1.8	0.6831300510639732	0.1347019353189672	0.10690449676496977	1	0	0
371	372	2	2	2	2	2	2	0.0	2.0	0.0	1.0	0.0	0	0	0
372	373	2	3	2	2	2	2	-0.08571428571428572	2.4666666666666663	-0.39279220242478635	0.4411128091213043	0.10033955955097845	1	0	1
373	374	2	2	2	2	2	1	-0.14285714285714285	2.333333333333333	-0.6546536707079771	0.15830242337545797	0.08247860988423227	1	0	1
374	375	2	2	2	2	2	1	-0.14285714285714285	2.333333333333333	-0.6546536707079771	0.15830242337545797	0.08247860988423227	1	0	1
375	376	2	2	2	2	2	2	0.0	2.0	0.0	1.0	0.0	0	0	0
376	377	1	1	1	1	1	1	0.0	1.0	0.0	1.0	0.0	0	0	0
377	378	1	1	1	1	1	1	0.0	1.0	0.0	1.0	0.0	0	0	0
378	379	3	1	1	3	1	1	-0.22857142857142856	2.466666666666667	-0.4140393356054125	0.4144300825009167	0.25125535158615087	1	1	0
379	380	3	1	1	3	1	1	-0.22857142857142856	2.466666666666667	-0.4140393356054125	0.4144300825009167	0.25125535158615087	1	1	0
380	381	1	1	2	2	1	1	0.0	1.3333333333333333	0.0	1.0	0.13801311186847084	1	0	0
381	382	2	1	1	2	1	1	-0.11428571428571428	1.7333333333333332	-0.4140393356054125	0.4144300825009167	0.12562767579307543	1	0	1
382	383	2	2	2	2	2	1	-0.14285714285714285	2.333333333333333	-0.6546536707079771	0.15830242337545797	0.08247860988423227	1	0	1
383	384	2	2	2	2	2	1	-0.14285714285714285	2.333333333333333	-0.6546536707079771	0.15830242337545797	0.08247860988423227	1	0	1
384	385	1	3	2	2	2	1	-0.08571428571428572	2.1333333333333333	-0.21302148074901792	0.685301039364056	0.1965692137195266	1	1	0
385	386	1	2	2	2	2	3	0.2857142857142857	1.0	0.8451542547285166	0.034109423167409635	0.09035079029052513	0	0	0
386	387	1	3	1	3	1	1	-0.11428571428571428	2.066666666666667	-0.20701966780270625	0.6939066340345699	0.2700466072144348	1	1	0
387	388	2	2	2	2	2	1	-0.14285714285714285	2.333333333333333	-0.6546536707079771	0.15830242337545797	0.08247860988423227	1	0	1
388	389	2	2	2	2	2	2	0.0	2.0	0.0	1.0	0.0	0	0	0
389	390	2	2	2	2	2	2	0.0	2.0	0.0	1.0	0.0	0	0	0
390	391	2	2	2	2	2	2	0.0	2.0	0.0	1.0	0.0	0	0	0
391	392	2	2	2	2	1	2	-0.08571428571428572	2.1333333333333333	-0.39279220242478624	0.4411128091213043	0.10033955955097848	1	0	1
392	393	2	2	2	2	2	2	0.0	2.0	0.0	1.0	0.0	0	0	0
393	394	2	2	2	2	2	2	0.0	2.0	0.0	1.0	0.0	0	0	0
394	395	2	2	2	2	2	2	0.0	2.0	0.0	1.0	0.0	0	0	0
395	396	2	2	2	2	2	2	0.0	2.0	0.0	1.0	0.0	0	0	0
396	397	2	2	2	2	2	2	0.0	2.0	0.0	1.0	0.0	0	0	0
397	398	2	2	2	2	2	2	0.0	2.0	0.0	1.0	0.0	0	0	0
398	399	2	2	2	2	2	2	0.0	2.0	0.0	1.0	0.0	0	0	0
399	400	2	2	2	2	2	2	0.0	2.0	0.0	1.0	0.0	0	0	0
400	401	2	2	2	2	2	2	0.0	2.0	0.0	1.0	0.0	0	0	0
401	402	2	2	2	2	2	2	0.0	2.0	0.0	1.0	0.0	0	0	0
402	403	2	2	2	2	2	2	0.0	2.0	0.0	1.0	0.0	0	0	0
403	404	2	2	2	2	2	1	-0.14285714285714285	2.333333333333333	-0.6546536707079771	0.15830242337545797	0.08247860988423227	1	0	1
404	405	1	2	2	2	2	2	0.14285714285714285	1.3333333333333333	0.6546536707079772	0.15830242337545783	0.08247860988423225	0	0	0
405	406	2	2	2	2	2	2	0.0	2.0	0.0	1.0	0.0	0	0	0
406	407	2	2	2	2	2	2	0.0	2.0	0.0	1.0	0.0	0	0	0
407	408	2	2	2	2	2	2	0.0	2.0	0.0	1.0	0.0	0	0	0
408	409	2	2	2	2	2	2	0.0	2.0	0.0	1.0	0.0	0	0	0
409	410	2	2	2	2	2	1	-0.14285714285714285	2.333333333333333	-0.6546536707079771	0.15830242337545797	0.08247860988423227	1	0	1
410	411	1	2	2	2	2	2	0.14285714285714285	1.3333333333333333	0.6546536707079772	0.15830242337545783	0.08247860988423225	0	0	0
411	412	2	2	2	2	2	2	0.0	2.0	0.0	1.0	0.0	0	0	0
412	413	2	2	2	2	2	2	0.0	2.0	0.0	1.0	0.0	0	0	0
413	414	2	2	2	2	2	2	0.0	2.0	0.0	1.0	0.0	0	0	0
414	415	2	2	2	2	2	2	0.0	2.0	0.0	1.0	0.0	0	0	0
415	416	2	2	2	2	2	2	0.0	2.0	0.0	1.0	0.0	0	0	0
416	417	2	2	2	2	2	2	0.0	2.0	0.0	1.0	0.0	0	0	0
417	418	2	2	2	2	2	2	0.0	2.0	0.0	1.0	0.0	0	0	0
418	419	2	1	2	2	2	1	-0.05714285714285714	1.8666666666666667	-0.20701966780270628	0.6939066340345699	0.13502330360721737	1	0	1
419	420	1	1	1	1	1	1	0.0	1.0	0.0	1.0	0.0	0	0	0
420	421	2	2	2	2	2	3	0.14285714285714285	1.6666666666666665	0.6546536707079771	0.15830242337545797	0.08247860988423227	0	0	0
421	422	1	1	1	1	1	2	0.14285714285714285	0.6666666666666667	0.6546536707079771	0.15830242337545797	0.08247860988423227	0	0	0
422	423	2	2	2	2	2	2	0.0	2.0	0.0	1.0	0.0	0	0	0
423	424	2	2	2	1	2	2	-0.02857142857142857	1.9333333333333333	-0.13093073414159542	0.8047261622231062	0.10816968277714806	1	0	1
424	425	2	2	2	2	2	2	0.0	2.0	0.0	1.0	0.0	0	0	0
425	426	2	2	2	2	2	2	0.0	2.0	0.0	1.0	0.0	0	0	0
426	427	2	2	2	2	2	2	0.0	2.0	0.0	1.0	0.0	0	0	0
427	428	2	2	2	2	2	2	0.0	2.0	0.0	1.0	0.0	0	0	0
428	429	2	2	2	2	2	2	0.0	2.0	0.0	1.0	0.0	0	0	0
429	430	2	2	2	2	2	1	-0.14285714285714285	2.333333333333333	-0.6546536707079771	0.15830242337545797	0.08247860988423227	1	0	1
430	431	2	2	2	2	2	2	0.0	2.0	0.0	1.0	0.0	0	0	0
431	432	1	1	1	2	2	2	0.2571428571428572	0.5999999999999999	0.8783100656536799	0.021311641128756727	0.06998542122237651	0	0	0
432	433	2	2	1	2	2	2	0.02857142857142857	1.7333333333333332	0.13093073414159542	0.8047261622231062	0.10816968277714806	1	0	0
433	434	2	2	1	2	2	2	0.02857142857142857	1.7333333333333332	0.13093073414159542	0.8047261622231062	0.10816968277714806	1	0	0
434	435	1	2	2	2	2	2	0.14285714285714285	1.3333333333333333	0.6546536707079772	0.15830242337545783	0.08247860988423225	0	0	0
435	436	1	2	2	2	2	2	0.14285714285714285	1.3333333333333333	0.6546536707079772	0.15830242337545783	0.08247860988423225	0	0	0
436	437	2	2	2	2	2	2	0.0	2.0	0.0	1.0	0.0	0	0	0
437	438	2	2	2	2	2	2	0.0	2.0	0.0	1.0	0.0	0	0	0
438	439	1	2	2	2	2	3	0.2857142857142857	1.0	0.8451542547285166	0.034109423167409635	0.09035079029052513	0	0	0
439	440	2	2	2	2	2	2	0.0	2.0	0.0	1.0	0.0	0	0	0
440	441	2	2	2	2	2	2	0.0	2.0	0.0	1.0	0.0	0	0	0
441	442	2	2	2	2	2	2	0.0	2.0	0.0	1.0	0.0	0	0	0
442	443	2	2	2	2	2	1	-0.14285714285714285	2.333333333333333	-0.6546536707079771	0.15830242337545797	0.08247860988423227	1	0	1
443	444	2	3	2	2	2	3	0.05714285714285714	2.1333333333333333	0.20701966780270628	0.6939066340345699	0.13502330360721737	1	0	0
444	445	2	2	2	2	2	2	0.0	2.0	0.0	1.0	0.0	0	0	0
445	446	2	2	2	2	2	2	0.0	2.0	0.0	1.0	0.0	0	0	0
446	447	2	2	2	2	2	2	0.0	2.0	0.0	1.0	0.0	0	0	0
447	448	2	3	2	2	2	1	-0.22857142857142856	2.8	-0.6761234037828133	0.1403573866189944	0.12453996981544779	1	0	1
448	449	2	2	2	2	2	2	0.0	2.0	0.0	1.0	0.0	0	0	0
449	450	2	2	2	2	2	2	0.0	2.0	0.0	1.0	0.0	0	0	0
450	451	2	2	2	2	2	3	0.14285714285714285	1.6666666666666665	0.6546536707079771	0.15830242337545797	0.08247860988423227	0	0	0
451	452	2	2	2	2	2	2	0.0	2.0	0.0	1.0	0.0	0	0	0
452	453	2	2	2	2	2	2	0.0	2.0	0.0	1.0	0.0	0	0	0
453	454	2	2	2	2	2	2	0.0	2.0	0.0	1.0	0.0	0	0	0
454	455	2	2	2	2	2	2	0.0	2.0	0.0	1.0	0.0	0	0	0
455	456	2	2	2	2	2	2	0.0	2.0	0.0	1.0	0.0	0	0	0
456	457	2	2	2	2	2	2	0.0	2.0	0.0	1.0	0.0	0	0	0
457	458	2	2	2	2	2	2	0.0	2.0	0.0	1.0	0.0	0	0	0
458	459	2	2	2	2	2	1	-0.14285714285714285	2.333333333333333	-0.6546536707079771	0.15830242337545797	0.08247860988423227	1	0	1
459	460	2	2	2	2	2	2	0.0	2.0	0.0	1.0	0.0	0	0	0
460	461	2	2	2	2	2	2	0.0	2.0	0.0	1.0	0.0	0	0	0
461	462	2	2	2	2	2	2	0.0	2.0	0.0	1.0	0.0	0	0	0
462	463	2	2	2	2	2	2	0.0	2.0	0.0	1.0	0.0	0	0	0
463	464	3	2	2	2	2	2	-0.14285714285714285	2.6666666666666665	-0.6546536707079772	0.15830242337545783	0.08247860988423224	1	0	1
464	465	1	1	2	2	2	2	0.22857142857142856	0.8666666666666668	0.828078671210825	0.041794680456045286	0.07737179432986631	0	0	0
465	466	2	2	2	2	2	2	0.0	2.0	0.0	1.0	0.0	0	0	0
466	467	1	2	2	2	2	2	0.14285714285714285	1.3333333333333333	0.6546536707079772	0.15830242337545783	0.08247860988423225	0	0	0
467	468	2	3	2	2	3	3	0.14285714285714285	2.0	0.48795003647426655	0.3261642353450604	0.12777531299998798	1	0	0
468	469	2	2	2	2	2	2	0.0	2.0	0.0	1.0	0.0	0	0	0
469	470	2	2	2	2	2	2	0.0	2.0	0.0	1.0	0.0	0	0	0
470	471	2	2	2	2	2	1	-0.14285714285714285	2.333333333333333	-0.6546536707079771	0.15830242337545797	0.08247860988423227	1	0	1
471	472	2	2	2	2	2	2	0.0	2.0	0.0	1.0	0.0	0	0	0
472	473	1	2	1	1	2	1	0.0	1.3333333333333333	0.0	1.0	0.13801311186847084	1	0	0
473	474	1	1	1	2	1	3	0.3142857142857143	0.3999999999999999	0.7027642214999339	0.11939340407967461	0.1590789817951435	1	0	0
474	475	2	2	2	2	2	1	-0.14285714285714285	2.333333333333333	-0.6546536707079771	0.15830242337545797	0.08247860988423227	1	0	1
475	476	2	2	2	2	2	3	0.14285714285714285	1.6666666666666665	0.6546536707079771	0.15830242337545797	0.08247860988423227	0	0	0
476	477	1	1	1	1	1	1	0.0	1.0	0.0	1.0	0.0	0	0	0
477	478	1	1	1	1	1	1	0.0	1.0	0.0	1.0	0.0	0	0	0
478	479	2	2	2	2	2	1	-0.14285714285714285	2.333333333333333	-0.6546536707079771	0.15830242337545797	0.08247860988423227	1	0	1
479	480	2	2	2	2	2	2	0.0	2.0	0.0	1.0	0.0	0	0	0
480	481	1	1	1	2	1	1	0.02857142857142857	1.0666666666666667	0.13093073414159542	0.8047261622231062	0.10816968277714806	1	0	0
481	482	1	1	1	1	1	1	0.0	1.0	0.0	1.0	0.0	0	0	0
482	483	2	2	1	1	2	1	-0.14285714285714285	2.0	-0.48795003647426655	0.3261642353450604	0.12777531299998798	1	0	1
483	484	1	2	2	2	2	2	0.14285714285714285	1.3333333333333333	0.6546536707079772	0.15830242337545783	0.08247860988423225	0	0	0
484	485	1	2	2	2	2	2	0.14285714285714285	1.3333333333333333	0.6546536707079772	0.15830242337545783	0.08247860988423225	0	0	0
485	486	1	2	2	2	2	1	6.3441315692866086e-18	1.6666666666666667	2.298380017448157e-17	1.0	0.13801311186847084	1	0	0
486	487	1	2	2	2	2	2	0.14285714285714285	1.3333333333333333	0.6546536707079772	0.15830242337545783	0.08247860988423225	0	0	0
487	488	1	1	1	1	1	1	0.0	1.0	0.0	1.0	0.0	0	0	0
488	489	3	2	2	2	2	2	-0.14285714285714285	2.6666666666666665	-0.6546536707079772	0.15830242337545783	0.08247860988423224	1	0	1
489	490	3	3	3	3	3	3	0.0	3.0	0.0	1.0	0.0	0	0	0
490	491	2	2	2	2	2	3	0.14285714285714285	1.6666666666666665	0.6546536707079771	0.15830242337545797	0.08247860988423227	0	0	0
491	492	1	3	2	3	3	3	0.3142857142857143	1.4	0.7027642214999339	0.11939340407967461	0.1590789817951435	1	0	0
492	493	1	2	2	2	2	2	0.14285714285714285	1.3333333333333333	0.6546536707079772	0.15830242337545783	0.08247860988423225	0	0	0
493	494	3	3	3	3	3	3	0.0	3.0	0.0	1.0	0.0	0	0	0
494	495	3	3	3	3	3	3	0.0	3.0	0.0	1.0	0.0	0	0	0
495	496	3	3	3	3	3	3	0.0	3.0	0.0	1.0	0.0	0	0	0
496	497	2	2	2	2	2	2	0.0	2.0	0.0	1.0	0.0	0	0	0
497	498	1	2	2	2	2	2	0.14285714285714285	1.3333333333333333	0.6546536707079772	0.15830242337545783	0.08247860988423225	0	0	0
498	499	2	2	2	2	2	2	0.0	2.0	0.0	1.0	0.0	0	0	0
499	500	2	2	2	2	2	2	0.0	2.0	0.0	1.0	0.0	0	0	0
500	501	2	2	1	2	2	2	0.02857142857142857	1.7333333333333332	0.13093073414159542	0.8047261622231062	0.10816968277714806	1	0	0
501	502	2	2	1	2	2	2	0.02857142857142857	1.7333333333333332	0.13093073414159542	0.8047261622231062	0.10816968277714806	1	0	0
502	503	2	2	2	2	2	2	0.0	2.0	0.0	1.0	0.0	0	0	0
503	504	2	2	2	2	2	2	0.0	2.0	0.0	1.0	0.0	0	0	0
504	505	2	2	2	2	2	2	0.0	2.0	0.0	1.0	0.0	0	0	0
505	506	2	2	2	2	2	2	0.0	2.0	0.0	1.0	0.0	0	0	0
506	507	2	2	2	2	2	2	0.0	2.0	0.0	1.0	0.0	0	0	0
507	508	2	2	2	2	2	2	0.0	2.0	0.0	1.0	0.0	0	0	0
508	509	2	2	2	2	2	2	0.0	2.0	0.0	1.0	0.0	0	0	0
509	510	2	2	2	2	2	2	0.0	2.0	0.0	1.0	0.0	0	0	0
510	511	2	2	2	2	2	2	0.0	2.0	0.0	1.0	0.0	0	0	0
511	512	2	2	2	2	2	2	0.0	2.0	0.0	1.0	0.0	0	0	0
512	513	2	2	2	2	2	2	0.0	2.0	0.0	1.0	0.0	0	0	0
513	514	2	2	2	2	2	2	0.0	2.0	0.0	1.0	0.0	0	0	0
514	515	2	2	2	2	2	2	0.0	2.0	0.0	1.0	0.0	0	0	0
515	516	2	2	2	2	2	2	0.0	2.0	0.0	1.0	0.0	0	0	0
516	517	2	2	2	2	2	3	0.14285714285714285	1.6666666666666665	0.6546536707079771	0.15830242337545797	0.08247860988423227	0	0	0
517	518	3	3	3	3	3	3	0.0	3.0	0.0	1.0	0.0	0	0	0
518	519	3	3	3	3	3	3	0.0	3.0	0.0	1.0	0.0	0	0	0
519	520	2	2	2	2	2	3	0.14285714285714285	1.6666666666666665	0.6546536707079771	0.15830242337545797	0.08247860988423227	0	0	0
520	521	2	2	2	2	2	3	0.14285714285714285	1.6666666666666665	0.6546536707079771	0.15830242337545797	0.08247860988423227	0	0	0
521	522	2	2	2	2	2	2	0.0	2.0	0.0	1.0	0.0	0	0	0
522	523	2	2	2	2	2	2	0.0	2.0	0.0	1.0	0.0	0	0	0
523	524	2	2	1	2	2	2	0.02857142857142857	1.7333333333333332	0.13093073414159542	0.8047261622231062	0.10816968277714806	1	0	0
524	525	2	2	2	2	2	2	0.0	2.0	0.0	1.0	0.0	0	0	0
525	526	2	2	2	2	2	2	0.0	2.0	0.0	1.0	0.0	0	0	0
526	527	2	2	2	2	2	2	0.0	2.0	0.0	1.0	0.0	0	0	0
527	528	2	2	2	2	2	2	0.0	2.0	0.0	1.0	0.0	0	0	0
528	529	2	2	2	2	2	1	-0.14285714285714285	2.333333333333333	-0.6546536707079771	0.15830242337545797	0.08247860988423227	1	0	1
529	530	2	2	2	2	2	2	0.0	2.0	0.0	1.0	0.0	0	0	0
530	531	2	2	2	2	2	2	0.0	2.0	0.0	1.0	0.0	0	0	0
531	532	2	2	2	2	2	2	0.0	2.0	0.0	1.0	0.0	0	0	0
532	533	2	2	2	2	2	2	0.0	2.0	0.0	1.0	0.0	0	0	0
533	534	2	2	2	2	2	2	0.0	2.0	0.0	1.0	0.0	0	0	0
534	535	2	2	2	2	2	2	0.0	2.0	0.0	1.0	0.0	0	0	0
535	536	3	3	3	3	3	3	0.0	3.0	0.0	1.0	0.0	0	0	0
536	537	2	2	2	2	2	2	0.0	2.0	0.0	1.0	0.0	0	0	0
537	538	2	2	2	2	2	2	0.0	2.0	0.0	1.0	0.0	0	0	0
538	539	2	3	2	2	2	2	-0.08571428571428572	2.4666666666666663	-0.39279220242478635	0.4411128091213043	0.10033955955097845	1	0	1
539	540	2	2	2	2	2	2	0.0	2.0	0.0	1.0	0.0	0	0	0
540	541	2	2	2	2	2	2	0.0	2.0	0.0	1.0	0.0	0	0	0
541	542	2	2	2	2	2	2	0.0	2.0	0.0	1.0	0.0	0	0	0
542	543	2	3	2	2	2	2	-0.08571428571428572	2.4666666666666663	-0.39279220242478635	0.4411128091213043	0.10033955955097845	1	0	1
543	544	2	2	2	2	2	2	0.0	2.0	0.0	1.0	0.0	0	0	0
544	545	2	2	2	2	2	1	-0.14285714285714285	2.333333333333333	-0.6546536707079771	0.15830242337545797	0.08247860988423227	1	0	1
545	546	2	2	2	2	2	2	0.0	2.0	0.0	1.0	0.0	0	0	0
546	547	2	2	2	2	2	2	0.0	2.0	0.0	1.0	0.0	0	0	0
547	548	2	2	2	2	2	2	0.0	2.0	0.0	1.0	0.0	0	0	0
548	549	2	2	2	2	2	2	0.0	2.0	0.0	1.0	0.0	0	0	0
549	550	2	2	2	2	2	2	0.0	2.0	0.0	1.0	0.0	0	0	0
550	551	2	2	2	2	2	2	0.0	2.0	0.0	1.0	0.0	0	0	0
551	552	2	2	2	2	2	2	0.0	2.0	0.0	1.0	0.0	0	0	0
552	553	2	2	2	2	2	2	0.0	2.0	0.0	1.0	0.0	0	0	0
553	554	2	2	2	2	2	2	0.0	2.0	0.0	1.0	0.0	0	0	0
554	555	2	2	2	2	2	2	0.0	2.0	0.0	1.0	0.0	0	0	0
555	556	2	2	2	2	2	2	0.0	2.0	0.0	1.0	0.0	0	0	0
556	557	2	2	2	2	2	2	0.0	2.0	0.0	1.0	0.0	0	0	0
557	558	2	2	2	2	2	1	-0.14285714285714285	2.333333333333333	-0.6546536707079771	0.15830242337545797	0.08247860988423227	1	0	1
558	559	2	2	2	2	2	2	0.0	2.0	0.0	1.0	0.0	0	0	0
559	560	2	2	2	2	2	2	0.0	2.0	0.0	1.0	0.0	0	0	0
560	561	2	2	2	2	2	2	0.0	2.0	0.0	1.0	0.0	0	0	0
561	562	2	2	2	2	2	2	0.0	2.0	0.0	1.0	0.0	0	0	0
562	563	2	2	2	2	2	3	0.14285714285714285	1.6666666666666665	0.6546536707079771	0.15830242337545797	0.08247860988423227	0	0	0
563	564	2	2	2	2	2	2	0.0	2.0	0.0	1.0	0.0	0	0	0
564	565	2	2	2	2	2	2	0.0	2.0	0.0	1.0	0.0	0	0	0
565	566	2	2	2	2	2	2	0.0	2.0	0.0	1.0	0.0	0	0	0
566	567	2	2	2	2	2	2	0.0	2.0	0.0	1.0	0.0	0	0	0
567	568	2	2	2	2	2	2	0.0	2.0	0.0	1.0	0.0	0	0	0
568	569	2	3	3	2	3	3	0.11428571428571428	2.2666666666666666	0.41403933560541256	0.4144300825009167	0.12562767579307543	1	0	0
569	570	2	2	2	2	2	2	0.0	2.0	0.0	1.0	0.0	0	0	0
570	571	2	2	2	2	2	2	0.0	2.0	0.0	1.0	0.0	0	0	0
571	572	1	2	2	2	2	3	0.2857142857142857	1.0	0.8451542547285166	0.034109423167409635	0.09035079029052513	0	0	0
572	573	2	2	2	2	2	2	0.0	2.0	0.0	1.0	0.0	0	0	0
573	574	2	2	2	2	2	2	0.0	2.0	0.0	1.0	0.0	0	0	0
574	575	3	3	3	3	3	3	0.0	3.0	0.0	1.0	0.0	0	0	0
575	576	2	2	2	2	2	3	0.14285714285714285	1.6666666666666665	0.6546536707079771	0.15830242337545797	0.08247860988423227	0	0	0
576	577	2	2	2	2	2	2	0.0	2.0	0.0	1.0	0.0	0	0	0
577	578	2	2	2	2	2	2	0.0	2.0	0.0	1.0	0.0	0	0	0
578	579	2	2	2	2	2	2	0.0	2.0	0.0	1.0	0.0	0	0	0
579	580	2	2	2	2	2	2	0.0	2.0	0.0	1.0	0.0	0	0	0
580	581	2	2	3	1	2	2	-0.05714285714285714	2.2	-0.16903085094570333	0.7488684500235265	0.16659862556700858	1	0	1
581	582	2	2	3	2	2	2	-0.02857142857142857	2.2666666666666666	-0.13093073414159542	0.8047261622231062	0.10816968277714806	1	0	1
582	583	1	1	1	2	2	2	0.2571428571428572	0.5999999999999999	0.8783100656536799	0.021311641128756727	0.06998542122237651	0	0	0
583	584	2	2	2	2	2	2	0.0	2.0	0.0	1.0	0.0	0	0	0
584	585	3	3	3	3	3	3	0.0	3.0	0.0	1.0	0.0	0	0	0
585	586	3	3	3	3	3	3	0.0	3.0	0.0	1.0	0.0	0	0	0
586	587	3	3	3	3	3	3	0.0	3.0	0.0	1.0	0.0	0	0	0
587	588	3	3	3	3	3	3	0.0	3.0	0.0	1.0	0.0	0	0	0
588	589	2	3	2	3	2	3	0.08571428571428572	2.2	0.29277002188455997	0.5733922538253555	0.13997084244475302	1	0	0
589	590	3	3	3	2	2	1	-0.39999999999999997	3.7333333333333334	-0.9165151389911679	0.010163649889538589	0.08728715609439702	1	0	1
590	591	3	3	3	3	3	3	0.0	3.0	0.0	1.0	0.0	0	0	0
591	592	3	3	2	2	3	3	0.0	2.6666666666666665	0.0	1.0	0.13801311186847084	1	0	0
592	593	3	2	2	2	2	3	0.0	2.3333333333333335	0.0	1.0	0.13801311186847084	1	0	0
593	594	3	3	3	2	3	3	-0.02857142857142857	2.9333333333333336	-0.13093073414159542	0.8047261622231062	0.10816968277714806	1	0	1
594	595	3	3	3	3	3	3	0.0	3.0	0.0	1.0	0.0	0	0	0
595	596	2	2	2	2	2	2	0.0	2.0	0.0	1.0	0.0	0	0	0
596	597	3	3	3	3	3	3	0.0	3.0	0.0	1.0	0.0	0	0	0
597	598	3	3	3	3	3	3	0.0	3.0	0.0	1.0	0.0	0	0	0
598	599	3	3	3	3	3	3	0.0	3.0	0.0	1.0	0.0	0	0	0
599	600	3	3	3	3	3	3	0.0	3.0	0.0	1.0	0.0	0	0	0
600	601	3	3	3	3	3	3	0.0	3.0	0.0	1.0	0.0	0	0	0
601	602	1	2	2	1	2	3	0.2571428571428572	0.9333333333333331	0.6390644422470537	0.17190136979415382	0.15474358865973256	1	0	0
602	603	3	3	3	3	3	3	0.0	3.0	0.0	1.0	0.0	0	0	0
603	604	1	2	2	2	2	3	0.2857142857142857	1.0	0.8451542547285166	0.034109423167409635	0.09035079029052513	0	0	0
604	605	2	2	1	2	2	3	0.17142857142857143	1.4	0.50709255283711	0.304558784680535	0.14568627181693672	1	0	0
605	606	2	2	2	2	2	2	0.0	2.0	0.0	1.0	0.0	0	0	0
606	607	2	2	2	2	2	2	0.0	2.0	0.0	1.0	0.0	0	0	0
607	608	2	2	2	2	2	3	0.14285714285714285	1.6666666666666665	0.6546536707079771	0.15830242337545797	0.08247860988423227	0	0	0
608	609	2	1	2	2	2	3	0.22857142857142856	1.2000000000000002	0.6761234037828133	0.1403573866189944	0.12453996981544779	1	0	0
609	610	2	2	2	2	2	2	0.0	2.0	0.0	1.0	0.0	0	0	0
610	611	2	2	2	2	2	3	0.14285714285714285	1.6666666666666665	0.6546536707079771	0.15830242337545797	0.08247860988423227	0	0	0
611	612	2	2	2	2	2	2	0.0	2.0	0.0	1.0	0.0	0	0	0
612	613	2	1	2	2	2	2	0.08571428571428572	1.5333333333333332	0.39279220242478635	0.4411128091213043	0.10033955955097845	1	0	0
613	614	2	2	2	2	2	3	0.14285714285714285	1.6666666666666665	0.6546536707079771	0.15830242337545797	0.08247860988423227	0	0	0
614	615	3	1	3	3	2	2	-0.05714285714285714	2.5333333333333337	-0.13093073414159542	0.8047261622231062	0.21633936555429611	1	1	0
615	616	1	3	1	2	3	2	0.17142857142857143	1.4	0.3585685828003181	0.48519796326525766	0.22314999074019012	1	1	0
616	617	2	2	2	2	3	1	-0.05714285714285714	2.2	-0.16903085094570333	0.7488684500235265	0.16659862556700858	1	0	1
617	618	1	3	3	3	3	1	1.2688263138573217e-17	2.3333333333333335	2.298380017448157e-17	1.0	0.2760262237369417	1	1	0
618	619	1	3	3	3	3	1	1.2688263138573217e-17	2.3333333333333335	2.298380017448157e-17	1.0	0.2760262237369417	1	1	0
619	620	1	3	2	3	3	1	0.028571428571428557	2.0666666666666664	0.05436602822195621	0.9185313015511376	0.26238052026582687	1	1	0
620	621	2	2	2	2	2	2	0.0	2.0	0.0	1.0	0.0	0	0	0
621	622	2	2	2	2	2	2	0.0	2.0	0.0	1.0	0.0	0	0	0
622	623	2	2	2	2	2	3	0.14285714285714285	1.6666666666666665	0.6546536707079771	0.15830242337545797	0.08247860988423227	0	0	0
623	624	3	2	3	2	2	2	-0.17142857142857143	2.9333333333333336	-0.6210590034081188	0.188187159830816	0.10816968277714809	1	0	1
624	625	1	2	2	2	2	3	0.2857142857142857	1.0	0.8451542547285166	0.034109423167409635	0.09035079029052513	0	0	0
625	626	1	2	1	2	2	2	0.17142857142857143	1.0666666666666669	0.6210590034081188	0.188187159830816	0.10816968277714809	1	0	0
626	627	3	3	3	3	2	3	-0.08571428571428572	3.1333333333333333	-0.39279220242478635	0.4411128091213043	0.10033955955097845	1	0	1
627	628	3	3	2	3	2	3	-0.05714285714285714	2.8666666666666667	-0.20701966780270628	0.6939066340345699	0.13502330360721737	1	0	1
628	629	3	3	3	3	3	3	0.0	3.0	0.0	1.0	0.0	0	0	0
629	630	2	2	2	2	2	3	0.14285714285714285	1.6666666666666665	0.6546536707079771	0.15830242337545797	0.08247860988423227	0	0	0
630	631	2	2	2	2	2	2	0.0	2.0	0.0	1.0	0.0	0	0	0
631	632	2	2	2	2	2	3	0.14285714285714285	1.6666666666666665	0.6546536707079771	0.15830242337545797	0.08247860988423227	0	0	0
632	633	2	2	2	2	2	3	0.14285714285714285	1.6666666666666665	0.6546536707079771	0.15830242337545797	0.08247860988423227	0	0	0
633	634	3	3	3	3	3	3	0.0	3.0	0.0	1.0	0.0	0	0	0
634	635	3	3	3	3	3	3	0.0	3.0	0.0	1.0	0.0	0	0	0
635	636	3	3	3	3	3	3	0.0	3.0	0.0	1.0	0.0	0	0	0
636	637	3	3	3	3	3	3	0.0	3.0	0.0	1.0	0.0	0	0	0
637	638	3	3	3	3	3	3	0.0	3.0	0.0	1.0	0.0	0	0	0
638	639	3	3	3	3	3	3	0.0	3.0	0.0	1.0	0.0	0	0	0
639	640	3	3	3	3	3	3	0.0	3.0	0.0	1.0	0.0	0	0	0
