,district_id,predicted_2001,predicted_2003,predicted_2005,predicted_2007,predicted_2009,predicted_2011
0,1,3,3,3,3,3,3
1,2,3,3,3,3,3,3
2,3,3,3,3,3,3,3
3,4,3,3,3,3,3,3
4,5,3,3,3,3,3,3
5,6,3,3,3,3,3,3
6,7,3,3,3,3,3,3
7,8,3,3,3,3,3,3
8,9,3,3,3,3,3,3
9,10,3,3,3,3,3,3
10,11,3,3,3,3,3,3
11,12,3,3,3,3,3,3
12,13,3,3,3,3,3,3
13,14,3,3,3,3,3,3
14,15,3,3,3,3,3,2
15,16,3,3,3,3,3,3
16,17,3,3,3,3,3,3
17,18,3,3,3,3,3,3
18,19,3,3,3,3,3,3
19,20,3,3,3,3,3,2
20,21,3,3,3,3,3,3
21,22,3,3,3,3,3,3
22,23,3,3,3,3,3,3
23,24,3,3,3,3,3,3
24,25,3,3,3,3,3,3
25,26,3,3,3,3,3,3
26,27,3,3,3,3,3,3
27,28,3,3,3,3,3,3
28,29,3,3,3,3,3,3
29,30,3,3,3,3,3,3
30,31,3,3,3,3,3,3
31,32,3,3,3,3,3,3
32,33,3,3,3,3,3,3
33,34,3,3,3,3,3,3
34,35,3,3,2,3,1,3
35,36,3,3,3,3,3,3
36,37,3,3,3,3,3,3
37,38,3,3,3,3,3,3
38,39,3,3,3,3,3,3
39,40,3,3,3,3,3,3
40,41,3,1,3,3,1,3
41,42,3,1,3,3,3,3
42,43,3,1,1,3,1,3
43,44,3,1,3,3,1,3
44,45,3,3,3,3,1,3
45,46,3,1,3,3,1,3
46,47,3,1,3,3,3,3
47,48,3,1,1,1,3,3
48,49,3,3,3,3,3,3
49,50,3,3,3,3,3,3
50,51,3,3,3,3,3,3
51,52,3,3,3,3,3,3
52,53,3,1,1,3,3,3
53,54,3,3,3,3,3,3
54,55,3,3,3,3,3,3
55,56,3,3,3,3,3,3
56,57,3,3,3,3,3,3
57,58,3,3,3,3,3,3
58,59,3,3,3,3,3,3
59,60,3,3,3,3,3,3
60,61,3,3,3,3,3,3
61,62,3,3,3,3,3,3
62,63,3,3,3,3,3,3
63,64,3,3,3,3,3,3
64,65,3,3,3,3,3,3
65,66,3,3,3,3,3,3
66,67,3,1,3,1,3,3
67,68,3,3,1,3,3,1
68,69,3,3,3,3,3,3
69,70,3,3,3,1,3,3
70,71,3,3,3,3,3,3
71,72,3,3,3,1,3,3
72,73,3,1,1,1,3,3
73,74,3,1,1,1,3,3
74,75,3,3,1,3,3,3
75,76,3,3,1,3,3,3
76,77,3,3,3,1,3,3
77,78,3,1,3,3,1,3
78,79,3,3,3,3,3,3
79,80,1,3,3,3,3,3
80,81,2,3,3,3,3,3
81,82,3,3,1,3,3,3
82,83,3,3,1,1,3,3
83,84,3,3,3,3,3,3
84,85,3,3,3,3,3,3
85,86,3,3,3,3,3,3
86,87,3,3,3,3,1,2
87,88,3,3,3,3,1,3
88,89,3,3,3,3,1,3
89,90,3,3,3,3,3,3
90,91,3,3,3,3,3,3
91,92,3,3,3,3,3,3
92,93,3,3,3,3,3,3
93,94,3,3,3,3,3,3
94,95,3,3,3,3,3,3
95,96,3,3,3,3,3,3
96,97,3,3,3,3,3,3
97,98,3,3,3,3,3,3
98,99,3,3,3,3,3,3
99,100,3,3,3,3,3,3
100,101,2,3,3,3,3,2
101,102,2,3,2,2,3,2
102,103,3,3,3,3,3,3
103,104,3,3,3,3,3,3
104,105,2,3,3,3,1,2
105,106,3,2,3,3,1,2
106,107,2,3,3,2,3,2
107,108,2,3,3,3,3,2
108,109,3,2,3,3,3,2
109,110,3,3,3,3,3,3
110,111,3,3,3,3,3,3
111,112,2,3,3,2,2,2
112,113,2,3,2,2,2,2
113,114,3,3,3,2,3,2
114,115,2,3,3,3,3,1
115,116,2,3,2,2,3,2
116,117,3,3,3,3,3,2
117,118,2,3,3,3,3,3
118,119,3,3,3,3,3,3
119,120,2,3,3,3,3,2
120,121,3,3,3,3,3,2
121,122,3,3,3,3,3,3
122,123,3,3,3,3,3,3
123,124,3,3,3,3,3,2
124,125,3,2,3,3,3,1
125,126,3,3,3,3,3,3
126,127,3,3,3,3,3,3
127,128,3,3,3,3,3,2
128,129,2,3,3,3,3,2
129,130,3,3,3,3,3,2
130,131,2,3,3,2,3,1
131,132,2,3,1,3,3,2
132,133,3,3,3,3,1,2
133,134,3,3,3,3,1,2
134,135,1,3,1,1,1,1
135,136,1,1,1,1,1,1
136,137,3,3,3,3,3,1
137,138,3,3,3,3,3,3
138,139,3,3,3,3,3,2
139,140,3,3,1,3,1,3
140,141,3,3,3,3,1,3
141,142,3,3,1,3,1,1
142,143,3,3,1,3,1,2
143,144,3,3,3,3,1,2
144,145,3,3,1,3,1,2
145,146,3,3,3,3,1,3
146,147,1,3,3,3,1,2
147,148,1,1,3,3,1,1
148,149,1,1,3,1,1,1
149,150,1,1,1,1,1,1
150,151,3,1,2,1,3,1
151,152,3,1,1,1,1,1
152,153,3,2,2,2,2,1
153,154,2,1,1,1,1,1
154,155,3,1,1,1,1,1
155,156,3,1,1,1,1,1
156,157,3,1,1,1,1,2
157,158,3,1,1,1,1,1
158,159,1,1,3,1,1,1
159,160,1,1,3,1,1,1
160,161,1,1,3,3,1,2
161,162,3,1,1,1,1,1
162,163,3,1,1,3,1,1
163,164,3,1,1,3,1,2
164,165,3,1,3,3,3,1
165,166,2,1,3,3,3,2
166,167,2,2,3,3,3,1
167,168,3,1,1,3,1,1
168,169,2,1,1,2,3,1
169,170,2,1,1,3,1,1
170,171,1,3,1,3,3,1
171,172,3,1,1,3,1,1
172,173,3,1,1,3,1,1
173,174,3,3,3,3,3,1
174,175,3,1,1,1,3,2
175,176,1,1,1,1,1,1
176,177,1,3,1,1,3,1
177,178,3,1,1,1,3,1
178,179,3,3,1,3,1,1
179,180,1,1,1,1,1,1
180,181,1,3,1,1,3,1
181,182,1,3,1,1,3,1
182,183,1,3,1,1,3,1
183,184,1,3,1,1,3,1
184,185,1,3,1,1,3,1
185,186,3,3,1,3,3,1
186,187,3,3,3,3,3,1
187,188,1,1,1,1,1,1
188,189,3,1,1,1,3,1
189,190,1,1,1,1,1,1
190,191,1,1,1,1,1,1
191,192,3,1,1,3,3,1
192,193,1,1,1,1,1,1
193,194,1,1,1,3,1,1
194,195,1,1,1,1,1,1
195,196,3,1,1,1,1,1
196,197,3,1,1,3,3,1
197,198,3,3,1,3,3,1
198,199,2,1,1,1,3,1
199,200,3,2,2,1,3,1
200,201,1,1,3,3,1,1
201,202,1,1,3,3,1,1
202,203,2,3,1,3,2,1
203,204,1,1,1,1,1,1
204,205,3,3,3,3,3,1
205,206,1,1,1,1,3,1
206,207,1,1,1,1,1,1
207,208,1,1,1,3,1,1
208,209,1,1,1,1,1,1
209,210,1,1,1,1,3,1
210,211,1,1,1,1,1,1
211,212,1,1,1,1,1,1
212,213,1,3,1,3,1,1
213,214,3,3,1,3,1,1
214,215,1,3,1,1,3,1
215,216,1,1,1,1,3,1
216,217,1,1,1,1,3,1
217,218,1,1,1,1,3,1
218,219,1,1,1,1,3,1
219,220,1,1,1,1,3,1
220,221,3,1,1,1,3,1
221,222,3,1,1,1,3,1
222,223,3,3,1,3,3,1
223,224,1,1,1,1,1,1
224,225,2,2,2,1,1,1
225,226,3,3,1,1,3,1
226,227,3,3,3,1,3,1
227,228,3,3,3,3,3,1
228,229,3,3,1,1,3,1
229,230,1,1,1,1,3,2
230,231,1,1,1,1,1,1
231,232,1,3,1,1,1,1
232,233,3,3,3,3,1,1
233,234,3,3,1,1,1,1
234,235,1,3,1,3,1,1
235,236,2,2,1,1,3,1
236,237,1,3,1,1,3,1
237,238,3,1,1,1,3,1
238,239,3,3,3,3,3,1
239,240,3,3,3,3,3,1
240,241,3,3,3,3,3,3
241,242,3,3,3,3,3,3
242,243,3,3,3,3,3,3
243,244,3,3,3,3,3,3
244,245,3,3,3,3,3,3
245,246,3,3,3,3,3,3
246,247,3,3,3,3,3,2
247,248,3,3,3,3,3,3
248,249,3,3,3,3,3,2
249,250,3,3,3,3,3,3
250,251,3,3,3,3,3,3
251,252,3,3,3,3,3,3
252,253,3,3,3,3,3,2
253,254,3,3,3,3,3,3
254,255,3,3,3,3,3,3
255,256,3,3,3,3,3,2
256,257,3,3,3,3,3,3
257,258,3,3,3,3,3,2
258,259,3,3,3,3,3,2
259,260,3,3,3,3,3,3
260,261,3,3,3,3,3,3
261,262,3,3,3,3,3,3
262,263,3,3,3,3,3,3
263,264,3,3,3,3,3,3
264,265,3,3,3,3,3,3
265,266,3,3,3,3,3,3
266,267,3,3,3,3,3,2
267,268,3,3,3,3,3,2
268,269,3,3,3,3,3,3
269,270,3,3,3,3,3,3
270,271,3,3,3,3,3,3
271,272,3,3,3,3,3,3
272,273,3,2,2,3,2,2
273,274,3,3,3,3,2,2
274,275,3,3,3,3,3,3
275,276,3,3,3,3,3,2
276,277,3,3,3,3,3,3
277,278,3,3,3,3,3,3
278,279,2,2,2,3,2,2
279,280,3,3,2,3,2,2
280,281,3,3,3,2,2,2
281,282,3,3,3,3,3,3
282,283,3,3,3,2,2,3
283,284,3,3,3,2,2,3
284,285,3,3,3,3,3,3
285,286,3,3,3,3,2,3
286,287,3,3,3,3,2,2
287,288,3,3,3,3,3,2
288,289,1,2,3,2,3,3
289,290,1,2,3,2,3,2
290,291,2,3,3,2,3,2
291,292,3,3,3,3,3,2
292,293,2,3,3,2,2,2
293,294,3,2,3,3,3,2
294,295,3,3,3,3,3,2
295,296,2,2,2,2,3,2
296,297,3,2,2,3,3,2
297,298,3,3,3,3,3,3
298,299,3,3,2,3,3,2
299,300,1,3,1,2,1,1
300,301,1,1,1,1,1,1
301,302,1,1,1,3,1,1
302,303,1,1,1,3,1,1
303,304,1,3,1,1,3,1
304,305,1,3,3,1,1,1
305,306,2,1,1,1,1,1
306,307,3,1,3,1,3,1
307,308,3,3,3,3,3,1
308,309,3,3,3,3,3,2
309,310,3,1,3,3,3,2
310,311,3,3,3,3,3,2
311,312,1,1,3,1,1,2
312,313,1,1,1,1,1,1
313,314,3,3,2,1,3,1
314,315,3,3,2,3,3,2
315,316,1,3,3,1,3,1
316,317,1,3,3,3,3,1
317,318,3,3,3,3,3,1
318,319,1,3,1,3,1,1
319,320,3,3,1,3,1,1
320,321,1,1,1,3,1,1
321,322,3,3,3,3,3,3
322,323,1,3,1,3,1,2
323,324,1,3,1,3,1,1
324,325,1,1,1,1,1,1
325,326,1,1,3,1,1,1
326,327,3,3,3,3,3,3
327,328,2,1,2,2,1,2
328,329,1,1,1,1,1,1
329,330,1,1,1,1,1,1
330,331,1,1,1,1,1,1
331,332,1,1,1,1,1,1
332,333,2,2,3,3,1,1
333,334,2,2,2,2,2,2
334,335,2,2,2,3,2,2
335,336,2,3,3,3,1,2
336,337,2,3,3,3,2,2
337,338,1,3,3,3,1,3
338,339,2,2,2,3,3,2
339,340,2,2,2,2,1,1
340,341,3,3,3,3,1,3
341,342,3,3,3,3,3,3
342,343,2,3,3,2,1,2
343,344,2,2,2,3,3,2
344,345,2,3,3,3,1,2
345,346,2,2,1,2,3,1
346,347,2,2,3,3,3,1
347,348,1,1,3,1,3,2
348,349,3,2,1,1,3,1
349,350,2,3,3,3,3,2
350,351,1,2,1,3,1,1
351,352,1,3,1,3,1,1
352,353,1,3,1,3,3,1
353,354,2,1,2,2,3,1
354,355,3,1,2,1,2,2
355,356,1,3,3,3,3,1
356,357,2,1,1,2,1,1
357,358,2,2,1,3,3,1
358,359,2,2,1,1,3,1
359,360,1,1,2,1,3,2
360,361,3,3,3,3,3,3
361,362,2,3,1,2,1,1
362,363,1,3,3,3,3,1
363,364,2,1,2,1,3,2
364,365,3,1,1,1,3,1
365,366,1,1,1,1,3,1
366,367,2,1,1,3,3,1
367,368,2,2,3,2,2,2
368,369,3,1,3,1,2,2
369,370,2,2,2,2,3,2
370,371,3,3,1,3,3,2
371,372,2,2,2,2,3,2
372,373,3,3,3,1,3,1
373,374,2,2,2,2,3,2
374,375,3,2,3,2,3,1
375,376,2,2,3,2,3,1
376,377,2,1,3,3,1,2
377,378,3,1,2,3,2,2
378,379,3,2,1,3,1,2
379,380,3,3,1,3,1,2
380,381,3,3,3,3,2,2
381,382,3,2,1,3,1,2
382,383,1,2,3,2,2,2
383,384,3,2,3,2,3,2
384,385,3,3,3,3,3,2
385,386,1,3,1,2,2,2
386,387,3,3,2,3,2,2
387,388,3,3,3,2,3,2
388,389,3,3,3,3,3,2
389,390,3,1,3,3,3,1
390,391,1,1,1,3,3,1
391,392,3,3,1,3,3,1
392,393,2,2,2,2,3,1
393,394,3,1,3,1,3,1
394,395,2,2,2,2,3,1
395,396,3,3,2,3,3,1
396,397,3,3,3,3,3,1
397,398,3,3,3,3,3,1
398,399,3,3,3,2,2,1
399,400,3,2,2,2,2,2
400,401,3,2,2,3,3,2
401,402,2,2,1,2,3,2
402,403,2,2,2,2,3,3
403,404,3,2,2,2,2,3
404,405,3,2,1,2,2,3
405,406,3,2,2,2,2,3
406,407,3,3,3,2,3,3
407,408,3,2,3,2,3,3
408,409,3,3,3,2,3,3
409,410,3,3,3,3,3,3
410,411,3,2,2,2,1,3
411,412,3,2,3,3,3,3
412,413,3,2,3,2,3,2
413,414,3,2,3,2,3,2
414,415,3,2,1,3,3,1
415,416,3,3,3,3,3,1
416,417,3,3,3,3,3,1
417,418,3,3,3,3,3,2
418,419,2,3,3,2,3,1
419,420,2,3,3,2,3,1
420,421,2,3,3,3,3,3
421,422,1,3,3,3,3,2
422,423,3,3,3,3,3,2
423,424,2,3,3,3,3,2
424,425,2,3,2,3,2,2
425,426,3,3,2,3,2,1
426,427,3,3,3,3,3,2
427,428,2,3,2,3,3,2
428,429,2,2,2,1,2,2
429,430,2,2,2,2,2,2
430,431,2,3,3,2,2,2
431,432,3,3,3,3,3,3
432,433,3,3,3,3,3,3
433,434,3,3,3,3,3,2
434,435,3,3,3,3,3,3
435,436,3,3,3,3,3,3
436,437,2,3,3,3,3,3
437,438,3,3,3,3,3,3
438,439,3,3,3,3,3,3
439,440,3,3,3,3,3,3
440,441,3,3,3,3,3,3
441,442,3,3,3,3,3,2
442,443,3,3,3,3,3,2
443,444,3,3,3,3,3,3
444,445,3,3,3,3,3,3
445,446,3,3,3,3,3,2
446,447,3,3,3,3,3,2
447,448,3,3,3,3,3,3
448,449,3,3,3,3,3,3
449,450,2,2,2,2,2,2
450,451,3,3,3,3,3,3
451,452,3,3,3,3,3,2
452,453,3,3,3,3,3,1
453,454,3,3,3,3,3,2
454,455,3,3,3,3,3,3
455,456,3,3,3,3,3,2
456,457,2,2,2,2,3,2
457,458,3,2,3,3,3,2
458,459,2,2,3,3,3,2
459,460,2,2,2,2,3,2
460,461,3,2,3,2,3,2
461,462,2,2,2,1,3,2
462,463,3,2,2,3,3,1
463,464,3,3,3,3,3,2
464,465,3,3,3,3,3,2
465,466,3,3,3,3,3,3
466,467,3,3,3,3,3,3
467,468,3,3,3,3,3,3
468,469,3,3,3,3,3,2
469,470,2,3,3,3,3,3
470,471,3,3,3,3,3,3
471,472,3,3,3,3,3,3
472,473,3,3,3,3,3,3
473,474,3,3,3,3,3,3
474,475,3,3,3,3,3,3
475,476,3,3,3,3,3,3
476,477,3,3,3,3,3,3
477,478,3,3,3,3,3,3
478,479,3,3,3,3,3,3
479,480,3,3,3,3,3,3
480,481,3,3,3,3,3,3
481,482,3,3,3,3,3,3
482,483,2,3,3,3,3,3
483,484,3,3,3,3,3,3
484,485,3,3,3,3,3,3
485,486,3,3,3,3,3,3
486,487,3,3,3,3,3,3
487,488,3,3,3,3,3,3
488,489,3,3,3,3,3,2
489,490,3,3,3,3,3,3
490,491,3,3,3,3,3,3
491,492,3,3,3,3,3,3
492,493,3,3,3,3,3,3
493,494,3,3,3,3,3,3
494,495,3,3,3,3,3,3
495,496,3,3,3,3,3,3
496,497,3,3,3,3,3,2
497,498,3,3,3,3,3,3
498,499,3,3,3,3,3,3
499,500,3,3,3,3,3,3
500,501,3,3,3,3,3,3
501,502,3,3,3,3,3,3
502,503,3,3,3,3,3,3
503,504,3,3,3,3,3,3
504,505,3,3,3,3,3,3
505,506,3,3,3,3,2,3
506,507,2,2,2,2,2,2
507,508,3,3,3,3,3,2
508,509,3,3,3,3,3,3
509,510,3,3,3,3,3,2
510,511,3,3,3,3,3,3
511,512,3,3,3,3,3,2
512,513,3,3,3,3,3,3
513,514,3,3,3,3,3,3
514,515,3,3,3,3,3,3
515,516,3,3,3,3,3,3
516,517,3,3,3,3,3,3
517,518,3,3,3,3,3,3
518,519,3,3,3,3,3,3
519,520,3,3,3,3,3,3
520,521,3,3,3,3,3,3
521,522,3,3,3,3,3,3
522,523,3,3,3,3,3,3
523,524,3,3,3,3,3,3
524,525,3,3,3,3,3,2
525,526,3,3,3,3,3,2
526,527,3,3,3,3,3,3
527,528,3,3,3,3,3,3
528,529,3,3,3,3,3,3
529,530,3,3,3,3,3,3
530,531,3,3,3,3,3,3
531,532,3,3,3,3,3,3
532,533,3,3,3,3,3,3
533,534,3,3,3,3,3,3
534,535,3,3,3,3,3,3
535,536,3,3,3,3,3,3
536,537,3,3,3,3,3,3
537,538,3,3,3,3,3,3
538,539,3,3,3,3,3,3
539,540,3,3,3,3,3,3
540,541,3,3,3,3,3,3
541,542,3,3,3,2,3,3
542,543,3,3,3,3,3,3
543,544,3,3,3,3,3,3
544,545,3,3,3,3,3,3
545,546,3,3,3,3,3,3
546,547,3,3,3,3,3,3
547,548,3,3,3,3,3,3
548,549,3,3,3,3,3,3
549,550,3,3,3,3,3,3
550,551,3,3,3,3,3,3
551,552,3,3,3,3,3,3
552,553,3,3,3,3,3,3
553,554,3,3,3,3,3,3
554,555,3,3,3,3,3,3
555,556,3,3,3,3,3,3
556,557,3,3,3,3,3,3
557,558,3,3,3,3,3,3
558,559,3,3,3,3,3,3
559,560,3,3,3,3,3,3
560,561,3,3,3,3,3,3
561,562,3,3,3,3,3,3
562,563,3,3,3,3,3,3
563,564,3,3,3,3,3,3
564,565,3,3,3,3,3,3
565,566,3,3,3,3,3,3
566,567,3,3,3,3,3,3
567,568,3,3,3,3,3,3
568,569,3,3,3,3,3,3
569,570,3,3,3,3,3,3
570,571,3,3,3,3,3,3
571,572,3,3,3,3,3,3
572,573,3,3,3,3,3,3
573,574,3,3,3,3,3,3
574,575,3,3,3,3,3,3
575,576,3,3,3,3,3,3
576,577,3,3,3,3,3,3
577,578,3,3,3,3,3,3
578,579,3,3,3,3,3,3
579,580,3,3,3,3,3,3
580,581,3,3,3,3,3,3
581,582,3,3,3,3,3,3
582,583,3,3,3,3,3,3
583,584,3,3,3,3,3,3
584,585,3,3,3,3,3,3
585,586,3,3,3,3,3,3
586,587,3,3,3,3,3,3
587,588,3,3,3,3,3,3
588,589,3,3,3,3,3,3
589,590,3,3,3,3,3,3
590,591,3,3,3,3,3,3
591,592,3,3,3,3,3,3
592,593,3,3,3,3,3,3
593,594,3,3,3,3,3,3
594,595,3,3,3,3,3,3
595,596,3,3,3,3,3,3
596,597,3,3,3,3,3,3
597,598,3,3,3,3,3,3
598,599,3,3,3,3,3,3
599,600,3,3,3,3,3,3
600,601,3,3,3,3,3,3
601,602,1,3,3,3,3,3
602,603,3,3,3,3,3,3
603,604,1,3,3,3,3,3
604,605,3,3,3,3,3,3
605,606,3,3,3,3,3,3
606,607,3,3,3,3,3,3
607,608,3,3,3,3,3,3
608,609,3,1,3,3,3,3
609,610,3,3,3,3,3,3
610,611,3,3,3,3,3,3
611,612,3,3,3,3,3,3
612,613,3,3,3,3,3,3
613,614,3,3,3,3,3,3
614,615,3,3,3,3,3,3
615,616,3,3,3,3,3,3
616,617,3,3,3,3,3,3
617,618,1,3,3,3,3,3
618,619,3,3,3,3,3,3
619,620,3,3,3,3,3,3
620,621,3,3,3,3,3,3
621,622,3,3,3,3,3,3
622,623,3,3,3,3,3,3
623,624,3,3,3,3,3,3
624,625,3,3,3,3,3,3
625,626,3,3,3,3,3,3
626,627,3,3,3,3,3,3
627,628,3,3,3,3,3,3
628,629,3,3,3,3,3,3
629,630,3,3,3,3,3,3
630,631,3,3,3,3,3,3
631,632,3,3,3,3,3,3
632,633,3,3,3,3,3,3
633,634,3,3,3,3,3,3
634,635,3,3,3,3,3,3
635,636,3,3,3,3,3,3
636,637,3,3,3,3,3,3
637,638,3,3,3,3,3,3
638,639,3,3,3,3,3,3
639,640,3,3,3,3,3,3
